puzzleid,red_list,green_list,blue_list,stars
12796,43,41,53,36
12795,13,15,108,10
12794,2,9,9,2
12793,42,3,42,18
12792,11,1,94,104
12789,0,0,64,47
12788,6,10,89,103
12787,2,4,66,1
12786,192,0,0,16
12785,0,18,98,115
12784,2,21,135,47
12783,15,10,76,100
12782,8,2,48,52
12781,0,0,84,67
12780,24,0,48,35
12779,30,2,32,48
12778,4,30,94,127
12777,5,0,82,1
12776,3,4,66,72
12775,6,5,81,7
12774,6,3,46,7
12773,0,11,54,12
12772,0,0,20,1
12771,1,0,75,60
12770,4,4,94,101
12769,4,2,70,70
12768,5,17,91,112
12767,23,17,44,11
12766,18,17,44,11
12765,0,0,192,59
12764,75,0,28,31
12763,15,11,126,151
12762,59,16,28,15
12761,15,11,126,151
12760,16,16,71,15
12759,27,30,67,65
12758,5,0,108,112
12756,9,70,60,138
12755,39,4,87,129
12754,51,5,58,113
12753,8,0,75,82
12752,10,25,48,12
12751,10,7,91,106
12750,5,6,63,73
12749,29,4,0,4
12748,0,57,101,157
12747,4,16,91,110
12746,52,32,100,183
12745,0,9,96,104
12744,0,4,130,133
12743,6,6,72,18
12742,48,44,16,107
12741,20,16,96,131
12740,0,0,87,15
12739,24,8,98,129
12738,7,19,77,102
12737,16,4,91,110
12736,16,27,31,16
12735,54,0,0,6
12734,8,40,88,135
12733,0,28,100,70
12732,0,48,84,131
12731,48,0,96,112
12730,1,2,71,7
12728,16,16,62,93
12727,1,10,76,3
12726,1,3,13,14
12725,4,1,21,4
12724,8,36,1,44
12723,0,96,96,189
12722,12,5,52,32
12721,6,8,75,11
12720,16,5,54,16
12717,11,2,36,36
12715,12,0,78,89
12714,15,0,59,1
12713,0,4,52,35
12712,10,7,86,94
12711,12,2,2,2
12710,12,3,1,2
12709,2,0,20,1
12708,2,2,22,2
12707,20,1,0,3
12706,23,157,12,191
12705,22,131,3,24
12704,11,8,77,95
12703,8,1,61,69
12702,18,0,92,109
12701,12,49,50,110
12700,70,20,10,99
12699,9,29,58,21
12698,29,0,120,147
12697,1,3,15,2
12696,18,9,104,130
12694,4,0,68,71
12693,15,2,87,103
12692,84,4,20,107
12691,0,25,112,136
12690,42,29,36,1
12689,4,17,59,7
12688,29,0,5,33
12687,36,11,12,13
12686,3,2,10,1
12685,0,1,78,1
12684,16,16,73,104
12683,0,0,82,81
12682,10,21,96,126
12681,2,1,16,1
12680,1,20,67,87
12679,6,1,56,1
12678,2,1,9,2
12677,5,0,84,88
12676,14,12,78,102
12675,32,36,16,47
12674,16,0,132,103
12673,0,28,100,127
12672,37,87,16,102
12671,12,0,71,82
12670,12,0,71,82
12669,7,8,64,78
12668,14,8,103,109
12667,0,0,60,59
12666,12,11,59,81
12665,3,2,26,1
12664,0,23,16,15
12663,1,7,40,30
12662,0,10,29,10
12661,16,16,94,125
12660,11,66,1,23
12659,94,7,18,118
12658,15,5,55,74
12657,8,0,97,104
12656,36,4,64,103
12655,7,0,121,127
12654,16,14,14,43
12653,4,9,37,49
12652,3,0,44,46
12651,28,14,49,3
12650,2,8,80,89
12649,5,14,89,107
12648,9,14,89,111
12647,18,21,19,1
12646,10,1,95,105
12645,3,11,50,63
12644,4,12,83,98
12643,11,4,98,112
12642,29,1,162,19
12641,13,12,151,1
12640,16,130,19,1
12639,8,1,131,1
12638,23,4,73,99
12637,6,4,102,111
12636,5,2,68,4
12635,0,4,111,114
12634,2,4,6,6
12633,0,1,20,3
12632,7,11,72,28
12631,9,77,21,106
12630,12,0,98,109
12629,16,0,79,2
12628,12,0,38,12
12627,81,4,2,38
12626,2,2,42,7
12625,18,2,50,69
12624,4,21,86,110
12623,5,39,60,1
12622,0,90,90,8
12621,0,0,5,4
12620,28,6,6,9
12619,3,3,3,4
12618,6,18,48,18
12617,38,35,21,74
12616,5,5,78,87
12615,0,2,110,79
12614,37,5,6,32
12613,72,9,27,62
12612,0,1,33,2
12611,1,18,66,84
12610,2,6,4,4
12609,3,8,38,48
12608,39,12,24,23
12607,107,15,14,89
12606,8,60,49,116
12605,0,21,67,87
12604,2,7,60,1
12603,1,8,56,64
12602,4,4,16,2
12601,11,24,58,91
12600,10,20,44,73
12599,2,6,44,24
12598,0,6,52,57
12597,4,4,132,139
12596,11,9,86,1
12595,7,7,84,97
12594,1,0,13,2
12593,22,12,105,138
12592,30,52,74,155
12591,32,6,70,1
12590,9,3,69,40
12589,1,22,11,22
12588,18,6,84,1
12587,11,55,35,100
12586,20,1,85,105
12585,1,23,11,23
12584,0,0,31,2
12583,0,0,31,2
12582,39,10,11,9
12581,6,8,18,3
12580,1,66,0,11
12579,0,34,18,51
12578,0,32,12,43
12577,40,16,26,81
12576,20,6,105,129
12575,36,41,32,108
12574,0,9,70,9
12573,9,4,41,23
12572,9,5,63,2
12571,19,3,3,4
12570,36,41,32,4
12569,2,0,171,172
12568,1,6,92,98
12567,9,4,5,17
12566,10,8,105,122
12565,18,120,6,143
12564,1,0,9,2
12563,10,29,2,2
12562,21,22,23,1
12561,1,0,21,1
12560,4,2,5,2
12559,12,0,1,4
12558,0,3,54,56
12557,7,6,40,52
12556,10,11,24,44
12555,15,1,14,29
12554,2,1,65,67
12553,0,101,14,4
12552,3,1,183,186
12551,0,24,0,23
12550,4,4,92,99
12549,1,41,37,1
12548,7,5,67,1
12547,65,59,68,11
12546,64,60,68,11
12545,4,4,52,59
12544,8,32,62,101
12543,2,7,53,61
12542,8,49,0,36
12541,0,0,19,18
12540,4,60,0,63
12539,6,32,12,20
12538,12,10,121,20
12537,12,10,170,20
12536,1,13,90,103
12535,1,3,51,54
12534,5,11,35,50
12532,5,7,76,87
12531,1,12,67,41
12530,8,0,55,62
12529,16,15,12,42
12528,5,10,0,9
12527,4,4,8,15
12526,1,0,18,5
12525,12,3,103,117
12524,7,28,66,63
12523,12,1,63,75
12522,0,13,77,77
12521,3,22,91,115
12520,6,6,78,89
12519,8,36,43,53
12518,10,12,61,82
12516,9,27,78,28
12515,7,5,0,2
12514,2,2,16,3
12513,3,1,12,2
12512,20,0,2,3
12511,0,18,0,4
12510,2,0,88,89
12509,37,0,70,106
12508,27,23,51,100
12507,12,0,95,2
12506,6,17,78,59
12505,34,6,68,73
12504,52,1,72,8
12503,0,11,70,80
12502,7,7,80,93
12501,12,8,82,65
12500,25,23,68,115
12499,11,33,7,4
12498,4,8,0,1
12497,7,49,73,64
12496,2,3,33,37
12495,0,16,0,1
12494,23,22,24,1
12493,18,14,27,14
12491,0,18,1,1
12490,2,16,76,93
12489,7,0,56,62
12488,0,16,55,1
12487,9,6,133,147
12486,11,0,127,137
12485,0,24,78,101
12484,0,12,87,53
12483,0,4,37,36
12482,0,9,77,85
12481,6,7,35,47
12480,2,5,10,12
12479,20,2,91,112
12477,39,33,35,24
12476,0,25,71,95
12475,0,5,66,16
12474,4,33,67,103
12473,16,0,84,99
12472,18,52,64,133
12471,14,6,98,117
12470,10,1,93,103
12469,0,16,92,1
12467,0,10,96,105
12466,22,6,117,144
12465,14,13,122,148
12464,48,96,48,50
12463,18,53,19,14
12462,0,0,23,4
12461,0,0,15,4
12460,2,11,37,49
12459,9,8,78,94
12457,6,10,87,102
12455,16,0,48,63
12454,54,0,85,126
12453,10,0,151,160
12452,2,0,88,38
12451,6,6,64,4
12450,10,12,108,129
12449,18,26,86,129
12448,11,10,80,88
12447,39,10,43,79
12446,10,0,23,10
12445,8,12,48,67
12444,0,7,98,104
12443,8,0,60,59
12442,6,0,114,6
12441,0,8,64,71
12440,11,2,105,117
12439,6,7,101,113
12438,8,1,87,95
12437,7,7,86,98
12436,42,6,34,81
12435,7,1,95,7
12434,37,7,5,48
12433,1,52,44,96
12432,0,25,92,116
12431,1,26,16,42
12430,0,5,52,40
12429,5,7,96,107
12428,0,35,68,102
12427,1,5,13,7
12425,1,0,84,84
12424,8,0,84,91
12423,10,9,17,3
12422,20,9,96,124
12421,2,2,48,12
12420,5,37,20,61
12419,0,0,4,1
12418,7,8,103,117
12417,35,19,69,122
12416,20,5,52,75
12414,1,3,8,4
12413,5,12,38,8
12412,12,7,83,7
12411,11,0,38,48
12410,6,0,73,78
12409,0,0,55,54
12408,6,43,58,1
12406,0,9,52,60
12405,23,46,47,115
12404,8,1,80,9
12403,4,5,60,4
12402,8,2,31,36
12401,11,0,96,48
12400,91,4,15,2
12399,8,22,138,167
12398,9,40,68,40
12397,26,9,0,3
12396,18,0,12,11
12395,44,97,51,7
12394,10,46,36,3
12393,10,46,36,3
12392,1,12,93,105
12391,6,24,71,100
12390,27,36,28,9
12389,85,20,14,3
12388,85,6,27,35
12387,18,22,55,18
12386,58,7,35,32
12385,26,16,30,24
12384,6,5,96,1
12383,20,12,38,17
12382,10,49,78,135
12381,5,21,15,40
12380,1,1,75,67
12379,23,1,71,7
12378,24,13,96,132
12377,7,7,95,52
12376,19,8,71,11
12375,21,2,75,5
12374,8,47,34,88
12373,3,8,73,83
12372,16,13,68,96
12371,1,0,175,64
12370,28,15,69,3
12369,8,20,51,1
12368,3,15,90,1
12367,4,9,113,125
12366,0,13,51,14
12365,7,1,93,100
12364,7,1,105,112
12363,18,7,43,25
12362,12,15,80,1
12361,6,13,90,38
12360,18,18,65,1
12359,2,0,119,120
12358,7,105,0,36
12357,16,12,83,31
12356,1,6,86,92
12355,15,23,59,1
12354,1,6,86,92
12353,1,6,86,92
12352,4,7,103,113
12351,4,0,114,117
12350,19,16,107,141
12349,7,7,94,93
12348,1,0,191,191
12347,11,10,117,137
12346,8,7,75,89
12345,0,40,33,72
12344,2,0,70,30
12343,4,0,92,95
12342,2,35,9,6
12341,26,39,21,84
12340,4,0,49,52
12339,10,7,69,85
12338,2,11,129,141
12337,0,7,83,1
11335,50,24,49,1
11334,12,13,97,121
11333,38,24,57,117
11332,12,4,112,127
11331,16,2,108,125
11330,0,28,61,1
11329,3,23,56,81
11328,39,57,39,39
11327,54,60,18,71
11326,38,26,2,7
11325,4,0,113,116
11323,12,11,109,75
11322,53,29,79,124
11320,28,21,131,12
11319,4,16,42,7
11318,3,2,110,114
11317,3,2,110,114
11316,11,8,54,36
11315,8,7,15,1
11314,2,58,40,20
11313,20,21,53,40
11312,17,17,64,97
11311,14,28,37,17
11310,1,3,44,1
11309,26,9,101,135
11308,95,1,0,87
11307,13,9,124,145
11306,4,17,109,129
11305,8,18,62,5
11304,2,33,87,54
11303,14,9,92,47
11302,14,14,67,94
11301,2,4,40,45
11300,24,29,55,7
11299,8,1,67,1
11298,12,12,96,119
11297,18,6,93,116
11296,7,9,82,41
11295,5,5,71,1
11294,18,12,95,28
11293,13,11,120,33
11292,0,23,88,110
11291,0,0,101,100
11290,26,22,66,113
11289,8,0,36,6
11288,4,0,45,20
11287,8,8,12,8
11286,16,4,92,111
11285,21,18,96,39
11284,7,1,63,70
11283,6,1,50,56
11282,0,0,41,9
11281,13,4,89,105
11280,2,56,65,122
11279,0,0,121,120
11278,16,16,62,93
11277,0,16,176,191
11276,1,0,71,47
11275,0,22,85,1
11274,1,2,48,50
11273,1,0,12,4
11272,49,11,1,60
11271,1,0,13,2
11270,4,5,110,118
11269,4,16,1,9
11268,8,5,0,1
11267,0,0,80,79
11266,24,0,57,80
11265,67,1,11,1
11264,4,51,35,1
11263,7,7,82,14
11262,22,33,40,94
11261,5,28,2,11
11260,12,2,2,2
11259,1,12,3,2
11258,20,2,0,1
11257,13,15,52,79
11256,15,8,16,38
11255,0,2,79,80
11254,3,14,58,74
11253,0,70,12,12
11252,11,1,73,84
11251,16,13,78,8
11250,0,33,47,1
11249,15,4,56,74
11248,25,6,52,82
11247,11,11,26,11
11246,1,9,36,6
11245,5,48,31,31
11244,0,30,63,1
11243,11,42,42,1
11242,0,16,61,76
11241,10,8,139,155
11240,35,31,31,1
11239,1,37,21,58
11238,19,24,4,46
11236,6,15,51,11
11234,15,25,62,40
11233,26,26,49,2
11232,8,9,79,8
11231,11,1,61,72
11230,8,6,82,95
11229,14,1,101,52
11228,8,8,8,8
11227,8,0,16,8
11226,0,0,24,8
11225,8,0,55,62
11224,10,1,74,83
11223,12,1,55,48
11222,4,1,168,172
11221,2,70,4,11
11220,0,0,78,51
11219,3,0,82,84
11218,1,0,36,28
11217,0,0,25,20
11216,0,0,64,63
11215,32,1,109,141
11214,13,1,54,48
11213,14,1,43,24
11212,4,16,38,41
11210,50,47,0,47
11209,91,8,3,47
11208,14,41,3,31
11207,0,0,8,1
11206,0,0,15,1
11205,0,0,13,1
11204,0,0,9,1
11203,0,0,9,1
11201,24,59,33,115
11200,13,22,63,34
11199,20,24,0,42
11198,12,33,0,24
11197,10,78,0,87
11196,35,22,26,82
11195,26,7,72,102
11194,23,1,158,181
11193,0,22,85,1
11192,6,2,7,4
11191,0,0,119,118
11184,0,0,60,59
11183,20,21,47,87
11182,63,33,16,111
11181,48,0,16,15
11180,0,0,76,75
11179,4,1,68,72
11178,3,0,34,35
11177,12,28,96,85
11176,2,34,48,83
11175,3,0,57,59
11174,10,0,32,10
11173,0,80,27,1
11172,0,20,44,63
11171,2,0,49,50
11170,7,1,105,85
11169,7,38,36,80
11168,0,45,57,101
11167,16,29,57,101
11166,14,1,32,46
11165,16,0,150,165
11164,0,1,11,1
11163,52,1,21,39
11162,4,4,88,16
11161,22,5,75,45
11160,21,2,61,32
11159,13,58,5,36
11158,25,1,55,17
11157,5,5,50,59
11156,3,11,17,3
11155,4,0,59,9
11154,0,0,55,54
11153,7,18,25,41
11152,1,0,51,51
11151,0,0,71,70
11150,0,0,65,64
11149,0,0,59,58
11148,0,0,24,20
11146,0,0,29,28
11145,0,0,63,62
11144,5,7,73,84
11143,1,1,31,32
11142,2,10,57,4
11141,0,0,81,80
11140,48,10,74,131
11139,34,22,31,59
11138,10,1,106,22
11136,18,4,39,17
11133,1,0,95,95
11132,1,9,44,12
11131,2,7,31,39
11130,9,9,85,15
11129,4,7,53,12
11128,0,1,58,58
11127,2,7,11,6
11126,36,29,0,64
11125,4,4,17,8
11124,3,0,8,1
11123,7,1,21,2
11122,3,0,34,1
11121,9,3,149,7
11120,5,7,36,2
11119,21,26,76,8
11118,9,10,173,9
11117,1,8,7,9
11116,2,2,4,4
11115,12,0,13,3
11114,4,12,42,5
11113,5,7,40,7
11111,16,10,40,10
11110,1,0,12,1
11109,74,6,4,29
11108,0,0,18,2
11107,6,6,1,6
11106,0,0,8,2
11105,4,6,2,2
11104,9,1,78,87
11103,36,29,45,64
11102,1,0,15,5
11101,8,4,16,4
11100,1,0,88,88
11099,1,0,75,75
11098,1,0,37,5
11096,20,8,40,9
11084,4,4,8,4
11083,4,4,9,12
11082,2,66,14,17
11081,2,2,9,2
11080,1,5,26,7
11079,16,18,7,16
11078,26,4,3,10
11077,33,36,38,12
11076,25,5,27,28
11075,1,3,21,3
11074,14,11,113,2
11073,0,9,17,4
11072,5,0,40,5
11071,7,23,77,22
11070,0,0,16,15
11069,1,95,1,42
11068,3,12,37,13
11067,11,8,17,4
11066,2,0,16,4
11065,3,2,16,1
11064,0,4,3,3
11063,7,1,34,7
11062,2,2,4,6
11061,40,1,5,45
11060,1,2,9,5
11059,1,2,9,5
11058,9,13,90,21
11057,1,1,54,5
11056,6,5,70,13
11055,2,7,165,1
11054,8,3,69,3
11053,10,19,52,30
11052,10,7,4,11
11051,1,0,75,75
11050,6,2,20,3
11049,0,5,20,10
11048,8,24,4,32
11047,0,5,8,1
11046,3,1,26,5
11045,8,1,41,1
11044,5,4,12,8
11043,4,7,36,6
11042,7,1,31,1
11041,10,2,8,10
11040,12,5,25,10
11039,4,4,32,8
11038,0,0,14,9
11037,6,108,7,14
11036,6,62,16,9
11035,3,5,45,7
11034,1,2,19,21
11033,4,12,7,10
11032,6,5,7,7
11031,25,11,0,15
11030,18,112,62,23
11029,7,0,9,2
11028,7,8,8,22
11027,1,0,4,2
11026,0,34,158,33
11025,8,13,18,7
11024,18,2,20,29
11023,1,2,19,18
11022,7,0,25,6
11021,6,4,4,10
11020,22,10,48,42
11019,3,4,20,5
11018,7,1,21,8
11017,2,3,17,3
11016,0,3,15,17
11015,3,2,19,3
11014,15,19,12,12
11013,40,4,67,4
11012,12,4,35,23
11011,4,4,8,11
11010,0,0,14,13
11009,7,2,17,4
11008,1,2,9,5
11007,1,2,49,50
11006,16,8,2,1
11004,8,52,4,1
11003,6,5,14,11
11002,5,30,70,13
11001,5,5,5,2
11000,9,10,44,1
10999,4,0,9,1
10998,0,1,7,1
10997,4,2,10,3
10996,0,0,23,22
10995,2,2,27,30
10994,2,11,55,1
10993,6,6,67,8
10992,3,4,82,1
10991,19,3,2,23
10990,0,15,12,26
10989,1,2,21,10
10988,10,6,111,123
10987,1,8,67,15
10986,12,8,84,103
10985,13,11,13,1
10984,10,1,56,2
10983,6,6,10,7
10981,6,12,4,12
10980,2,2,27,30
10979,12,31,67,8
10976,0,16,9,24
10975,20,14,9,8
10974,0,0,42,11
10973,0,0,8,4
10972,20,2,95,40
10971,1,2,19,21
10970,1,2,11,3
10969,3,62,3,6
10968,2,4,8,8
10967,1,0,7,2
10966,3,2,10,4
10965,5,3,10,4
10964,1,2,19,21
10963,0,0,14,4
10962,6,3,4,1
10961,3,1,20,6
10960,9,4,11,4
10959,1,5,26,4
10958,2,1,17,3
10957,18,1,8,14
10951,12,6,17,20
10950,0,14,24,13
10949,6,6,18,13
10948,3,3,17,3
10947,4,7,53,12
10946,13,24,38,38
10945,8,3,20,3
10944,12,23,133,13
10943,3,2,18,2
10942,2,8,29,4
10941,0,2,4,5
10940,0,0,6,5
10939,0,0,6,5
10938,0,0,8,5
10937,0,0,6,3
10936,3,2,2,3
10935,0,0,37,4
10934,26,5,5,25
10933,5,5,0,4
10932,1,6,26,23
10931,6,86,2,9
10930,18,15,112,23
10929,35,0,71,16
10928,4,6,4,8
10927,16,13,20,12
10926,28,26,76,129
10925,28,12,81,73
10924,7,1,40,2
10923,0,0,49,4
10922,8,1,51,1
10921,1,7,7,2
10920,29,41,30,17
10919,1,4,23,27
10918,28,4,29,56
10917,28,4,29,59
10916,15,12,62,1
10915,4,0,11,1
10914,3,3,9,1
10913,18,1,37,54
10912,18,1,37,54
10911,30,16,0,19
10910,29,2,19,18
10909,3,4,46,26
10908,0,0,23,1
10907,1,1,7,2
10906,0,0,26,1
10905,4,1,12,1
10904,4,0,3,1
10903,10,1,20,1
10902,9,6,9,4
10901,20,10,23,1
10900,9,0,15,1
10899,2,0,20,1
10898,1,17,14,1
10897,22,6,39,6
10896,3,2,5,4
10895,3,3,47,23
10893,1,18,44,62
10892,2,1,7,3
10891,4,0,100,103
10890,1,0,72,71
10889,21,26,76,8
10888,3,0,8,1
10887,2,1,20,5
10886,8,7,72,5
10881,1,3,25,16
10880,1,3,25,16
10879,0,0,30,4
10878,42,5,9,24
10877,8,6,26,4
10876,10,6,22,6
10875,1,0,19,1
10874,20,9,77,105
10873,19,2,35,55
10872,5,11,44,59
10871,2,10,37,14
10870,15,12,103,21
10869,1,2,12,4
10868,14,27,22,9
10867,0,23,110,109
10866,2,0,12,1
10865,4,25,7,6
10864,0,0,24,23
10863,8,16,8,11
10862,53,87,52,13
10861,0,90,36,35
10860,3,1,19,12
10859,0,0,36,5
10858,0,0,20,5
10857,12,7,71,15
10856,12,0,50,11
10855,30,22,2,45
10854,0,5,59,10
10853,1,12,49,61
10852,12,0,48,12
10851,3,20,6,6
10850,6,4,36,10
10849,8,6,33,14
10848,26,0,64,25
10847,5,0,43,1
10846,2,7,31,29
10845,2,35,3,2
10844,48,37,58,47
10843,16,0,43,1
10842,4,15,86,104
10841,0,35,72,1
10840,1,12,105,117
10839,0,11,49,59
10838,24,15,102,21
10837,0,12,17,12
10836,1,0,18,18
10835,6,7,179,13
10834,4,1,187,66
10833,8,3,13,1
10832,10,26,62,33
10831,11,4,5,5
10830,53,18,15,15
10829,2,4,30,10
10828,2,4,13,2
10827,8,0,41,16
10826,5,6,74,84
10825,40,76,22,26
10824,7,15,78,3
10823,6,6,90,101
10822,3,1,16,1
10821,11,4,63,77
10820,23,28,69,7
10819,0,1,21,11
10818,4,1,36,40
10817,4,2,29,1
10816,24,29,55,7
10815,0,0,6,1
10814,15,11,74,28
10813,14,8,26,1
10812,17,15,85,116
10811,6,0,21,6
10810,124,34,34,11
10809,3,24,1,1
10808,7,8,95,109
10807,0,0,22,5
10806,10,5,85,99
10805,7,29,29,1
10804,61,34,16,4
10803,0,3,11,3
10802,13,18,25,55
10801,30,0,65,1
10800,11,45,74,129
10799,22,0,102,31
10798,2,3,7,2
10797,0,32,49,10
10796,18,30,59,105
10795,0,0,117,88
10794,0,0,114,76
10793,44,2,45,36
10792,13,3,64,64
10791,9,1,81,36
10790,18,55,35,2
10789,4,0,128,83
10788,16,52,36,103
10787,8,1,71,44
10786,7,0,60,66
10785,1,0,76,76
10784,0,9,31,3
10783,10,11,69,89
10782,10,3,57,69
10781,12,4,49,64
10780,12,4,37,52
10779,12,68,41,120
10778,20,0,82,101
10777,0,0,96,95
10776,62,7,63,30
10775,46,5,56,106
10774,9,5,78,2
10773,16,20,16,51
10772,10,11,12,32
10771,8,10,70,1
10770,10,6,74,89
10769,36,0,33,8
10768,41,20,20,1
10767,132,44,16,20
10766,48,0,4,48
10765,7,1,107,114
10764,44,28,35,106
10763,17,6,153,13
10762,6,1,57,36
10761,60,2,81,142
10760,0,47,88,47
10759,1,0,27,4
10758,10,1,80,89
10757,24,29,28,80
10756,15,0,1,15
10755,13,16,56,38
10754,17,17,14,1
10753,16,26,66,5
10752,4,4,76,5
10751,3,1,55,58
10750,8,6,53,12
10749,8,0,56,63
10748,12,12,36,59
10747,15,1,57,72
10746,20,2,24,12
10745,20,2,24,12
10744,10,0,12,6
10743,11,0,85,1
10742,31,5,14,1
10741,77,0,24,100
10740,36,20,48,6
10739,62,0,84,4
10738,2,40,35,28
10737,1,6,78,1
10736,10,3,83,95
10735,2,8,83,34
10734,102,0,51,50
10733,34,0,74,106
10732,42,50,92,144
10731,36,72,72,119
10730,42,60,72,173
10729,62,16,62,36
10728,43,1,54,97
10727,17,3,110,129
10726,7,1,86,91
10725,15,16,98,58
10724,7,7,32,4
10723,9,16,64,88
10722,21,1,115,136
10721,12,20,44,43
10720,35,16,25,4
10719,7,10,16,9
10718,6,2,148,8
10717,9,3,14,2
10716,19,0,55,42
10715,5,6,23,1
10714,2,0,10,2
10713,13,59,5,2
10712,25,11,13,23
10711,158,22,11,1
10710,4,8,14,1
10709,7,9,12,2
10708,8,8,24,39
10707,46,8,6,27
10706,0,1,8,3
10705,6,1,71,1
10704,1,4,15,5
10703,7,15,10,1
10702,34,2,5,1
10701,0,7,64,11
10700,28,12,14,25
10699,74,8,5,2
10698,2,3,15,3
10697,0,4,16,19
10696,21,1,170,183
10695,1,8,183,23
10694,10,12,81,23
10693,6,10,1,4
10692,12,23,22,56
10690,42,0,52,52
10689,1,8,43,9
10688,72,85,35,21
10687,48,20,32,98
10686,0,4,96,99
10685,28,1,107,135
10684,0,0,10,1
10683,0,4,13,8
10682,18,82,10,109
10681,10,4,1,2
10680,1,0,53,42
10679,8,56,24,56
10678,0,0,92,91
10677,0,0,7,6
10676,0,0,7,3
10675,0,0,3,2
10674,16,12,13,8
10673,20,45,24,88
10672,0,0,88,87
10671,24,44,24,91
10670,32,4,0,6
10669,0,9,4,3
10668,1,10,28,6
10667,0,0,61,2
10666,4,4,18,9
10665,4,8,96,107
10664,0,0,65,5
10663,0,0,4,3
10662,0,0,6,3
10661,0,0,3,2
10660,0,0,3,2
10659,0,0,7,3
10658,14,0,73,15
10657,38,0,108,145
10656,13,15,95,56
10655,12,5,8,2
10654,14,69,109,3
10653,28,36,105,4
10652,7,6,14,6
10651,6,60,48,113
10650,12,25,12,48
10649,20,12,20,51
10648,76,7,61,143
10647,0,0,80,79
10646,8,0,98,105
10645,128,32,32,6
10644,12,5,47,63
10643,8,6,95,1
10642,15,38,66,2
10641,2,1,11,2
10640,11,12,82,104
10639,35,0,36,1
10638,55,48,31,3
10637,6,5,118,128
10636,0,22,146,12
10635,67,18,26,110
10634,40,8,1,8
10633,6,1,78,2
10632,3,7,86,1
10631,4,4,64,9
10630,4,4,64,9
10628,3,1,113,115
10627,3,1,113,116
10626,108,0,0,1
10625,8,13,12,32
10624,1,3,26,1
10623,53,12,73,126
10622,17,27,49,7
10621,18,20,32,7
10620,18,5,66,9
10619,18,20,31,6
10618,8,0,30,30
10617,20,0,60,79
10616,15,0,60,74
10615,20,0,61,80
10614,98,11,83,32
10613,9,3,65,76
10612,9,3,68,79
10611,19,11,45,12
10610,0,0,59,26
10609,0,0,65,39
10608,0,0,63,39
10607,0,0,69,43
10606,0,0,36,19
10605,18,1,101,118
10604,16,1,56,14
10603,11,0,81,91
10602,8,24,81,112
10601,0,0,72,16
10600,12,19,40,1
10599,1,3,61,64
10598,10,16,105,130
10597,23,11,56,23
10596,3,1,64,67
10595,0,6,78,1
10594,42,22,50,113
10593,5,5,53,32
10592,9,7,61,2
10591,3,3,85,90
10590,1,8,67,1
10588,12,8,124,44
10587,1,4,26,1
10586,1,4,26,1
10585,0,7,80,1
10584,0,9,76,1
10583,1,9,76,1
10582,8,9,50,66
10581,0,12,66,77
10580,32,28,58,117
10579,28,24,58,109
10578,33,35,40,41
10577,50,4,54,107
10576,15,15,50,1
10575,29,12,107,12
10574,71,0,60,119
10573,48,48,96,95
10572,13,2,100,114
10571,20,0,60,1
10570,0,0,58,48
10569,0,0,52,23
10568,58,0,134,58
10567,4,0,72,1
10566,1,5,153,158
10565,1,1,100,101
10564,2,3,67,71
10563,3,1,53,56
10562,3,11,98,111
10561,29,22,56,1
10560,5,18,99,12
10559,9,7,33,48
10558,9,8,24,21
10557,4,1,1,3
10556,12,20,70,101
10555,16,13,77,105
10554,16,16,65,1
10553,0,58,72,72
10552,14,60,10,83
10551,14,13,55,81
10550,31,3,31,7
10549,0,0,59,58
10548,10,107,12,128
10547,3,34,53,2
10546,0,19,47,1
10545,0,27,83,39
10544,22,0,39,11
10543,30,29,27,12
10542,6,4,91,20
10541,58,51,49,157
10540,49,0,74,50
10539,14,96,14,120
10538,12,16,65,45
10537,4,23,88,114
10536,19,46,42,1
10535,10,26,72,1
10534,32,52,71,154
10533,9,75,4,39
10532,7,8,66,32
10531,6,0,31,7
10530,14,14,22,14
10529,13,27,89,128
10528,34,5,5,1
10527,29,4,159,10
10526,33,11,7,4
10525,1,17,44,18
10524,6,55,7,43
10523,8,0,37,8
10521,4,0,48,51
10520,8,8,64,79
10519,16,0,104,16
10518,5,19,168,191
10517,0,5,63,67
10516,30,1,141,170
10515,0,4,92,71
10514,23,55,95,171
10513,21,28,69,117
10512,3,0,41,43
10511,4,1,41,25
10510,14,17,85,115
10509,0,0,144,143
10508,10,1,67,1
10507,9,86,58,23
10506,16,16,56,87
10505,5,8,52,64
10504,3,21,28,2
10503,6,7,94,1
10502,5,8,85,96
10501,7,10,66,19
10500,14,21,78,71
10499,1,0,5,3
10498,0,32,63,1
10497,8,24,94,125
10496,18,8,115,15
10495,5,6,113,123
10494,38,12,89,138
10492,9,2,57,6
10491,0,97,4,47
10490,15,39,45,15
10489,0,7,4,4
10488,0,7,45,51
10487,3,3,46,51
10486,0,0,59,23
10485,18,17,49,83
10484,45,11,71,70
10483,49,10,76,48
10481,0,0,111,33
10480,0,0,192,36
10479,36,0,40,1
10478,26,11,19,1
10477,48,43,3,20
10476,69,0,67,135
10475,2,1,46,2
10474,6,7,61,1
10473,7,2,42,1
10472,12,0,69,2
10471,15,0,45,15
10470,6,0,73,1
10469,6,0,84,1
10468,42,0,97,137
10467,4,2,18,23
10466,124,3,20,145
10465,3,0,25,10
10464,0,0,74,11
10463,0,63,1,20
10462,6,15,70,12
10461,51,72,69,94
10460,6,5,133,32
10459,3,22,83,31
10458,4,1,62,66
10457,4,1,62,66
10456,4,1,62,66
10455,1,6,2,4
10454,122,0,0,3
10453,0,0,13,4
10452,48,0,4,2
10451,126,0,66,1
10450,16,9,74,10
10449,27,0,64,12
10448,2,10,39,12
10447,5,4,79,60
10446,15,8,88,109
10445,21,1,15,7
10444,6,6,90,1
10443,50,4,89,1
10442,1,1,4,2
10441,4,17,54,12
10440,7,1,50,1
10439,4,4,50,1
10438,7,0,52,7
10437,32,37,47,48
10436,49,43,84,15
10435,34,4,89,18
10434,12,3,38,4
10433,6,1,48,8
10432,1,2,94,1
10431,3,0,94,1
10430,2,3,58,62
10429,32,35,38,9
10428,3,2,58,62
10427,26,19,27,4
10426,23,5,44,26
10425,6,8,114,1
10424,0,49,47,46
10423,17,9,14,3
10422,23,2,42,66
10421,24,5,23,3
10420,14,5,84,14
10419,8,0,106,21
10418,1,0,95,95
10417,26,4,24,5
10416,32,3,25,11
10415,5,8,117,78
10414,20,0,20,1
10413,20,1,19,1
10412,48,2,45,4
10398,14,1,98,85
10386,28,33,34,1
10385,1,0,4,2
10384,4,16,36,7
10383,12,2,90,25
10382,3,1,128,14
10381,23,2,156,36
10380,16,12,77,1
10379,5,24,33,27
10378,33,13,69,114
10377,12,9,91,111
10376,32,5,35,31
10375,12,24,66,101
10374,0,0,22,11
10373,22,37,34,92
10372,4,134,54,38
10371,19,32,33,5
10370,3,3,36,2
10369,13,11,36,45
10368,4,0,100,28
10367,32,0,72,28
10366,0,20,2,3
10365,8,8,81,96
10364,18,6,22,2
10363,1,8,94,102
10362,15,17,81,16
10361,9,22,78,108
10360,3,65,12,79
10359,9,28,15,15
10358,12,55,13,79
10357,9,0,114,122
10356,6,3,95,103
10355,0,0,21,20
10354,1,0,77,77
10352,20,5,127,151
10351,65,43,36,3
10350,13,13,13,12
10349,96,0,53,52
10348,72,0,57,128
10347,19,2,50,1
10346,8,21,8,4
10345,11,8,38,6
10344,21,15,72,80
10343,8,20,17,40
10342,8,33,17,56
10341,3,1,128,131
10340,3,1,92,95
10339,13,28,87,21
10338,17,20,51,30
10337,23,0,89,111
10336,8,0,55,14
10335,6,0,96,40
10334,14,8,88,22
10333,78,18,16,31
10332,8,1,92,100
10331,13,10,63,13
10330,6,2,26,8
10329,30,4,42,75
10328,5,56,1,1
10327,15,0,92,106
10326,9,0,59,67
10325,8,0,122,129
10323,20,7,64,90
10322,41,0,29,41
10321,29,0,41,29
10320,3,1,122,125
10319,92,0,32,123
10318,90,0,32,121
10317,9,1,27,1
10316,38,0,60,38
10315,7,7,100,113
10314,6,12,91,16
10313,25,24,105,152
10312,11,15,73,10
10311,11,17,75,10
10310,16,20,64,63
10309,28,19,83,129
10308,11,13,74,73
10307,24,19,98,140
10306,24,18,50,4
10305,22,16,42,4
10304,6,1,95,101
10303,101,0,1,1
10302,20,59,6,59
10301,0,2,100,101
10300,15,4,97,115
10299,23,16,40,1
10298,13,17,71,1
10297,12,6,101,26
10296,11,4,100,6
10294,0,30,11,30
10293,15,11,69,94
10292,54,58,26,5
10291,0,0,59,1
10290,13,0,49,12
10289,32,48,32,111
10288,68,29,47,13
10287,9,17,14,16
10286,8,6,88,1
10285,14,0,88,1
10284,10,1,43,20
10283,10,0,13,1
10282,5,0,61,19
10281,5,0,61,19
10280,0,0,18,17
10279,12,2,85,18
10278,3,6,16,1
10277,12,2,85,18
10276,7,10,11,1
10275,7,8,9,1
10274,20,4,3,4
10273,0,9,2,1
10272,20,6,117,142
10271,8,50,22,79
10270,1,32,1,1
10269,16,0,0,1
10268,8,13,0,1
10267,4,17,2,1
10266,0,13,0,1
10265,14,8,79,14
10264,17,0,64,80
10263,192,0,0,38
10262,8,46,20,73
10261,11,2,132,144
10259,18,67,18,12
10258,20,6,71,11
10257,6,0,81,7
10256,10,2,78,14
10255,15,6,77,41
10254,17,6,67,41
10253,9,2,73,5
10252,7,6,56,68
10251,14,14,42,38
10250,9,11,48,31
10249,24,64,72,27
10248,3,1,113,116
10247,3,1,113,116
10246,48,48,60,35
10245,35,4,3,7
10244,12,5,68,84
10243,10,1,74,83
10242,12,4,75,86
10241,0,31,7,1
10240,18,37,21,3
10239,3,3,50,9
10238,23,1,67,90
10237,0,1,5,1
10236,1,10,153,13
10235,12,2,76,89
10234,16,0,48,63
10233,16,0,80,95
10232,20,26,51,96
10231,20,3,69,91
10230,1,0,8,1
10229,0,0,23,22
10228,11,1,38,49
10227,4,9,98,110
10226,31,26,19,1
10225,5,12,16,1
10224,0,7,34,3
10223,0,2,18,3
10222,37,8,1,9
10221,12,3,61,3
10220,12,20,32,22
10219,6,5,54,11
10218,4,4,13,3
10217,0,1,4,3
10216,5,5,18,9
10215,1,0,11,3
10214,10,8,24,11
10213,7,61,4,62
10212,20,11,13,6
10211,6,5,59,1
10210,0,0,30,3
10209,0,4,37,15
10208,24,0,138,23
10207,13,28,24,20
10206,9,8,9,5
10205,2,29,4,6
10204,13,1,17,16
10203,5,5,18,5
10202,28,7,4,2
10201,6,12,9,12
10200,8,2,3,4
10199,0,0,9,1
10198,12,15,34,11
10197,12,0,4,11
10196,3,5,17,7
10195,0,0,18,1
10194,0,0,6,1
10193,1,20,100,120
10192,14,11,4,1
10191,0,1,18,1
10190,3,10,23,4
10189,2,0,190,22
10188,24,0,6,4
10187,8,8,61,1
10186,54,1,13,16
10185,0,0,40,7
10184,0,0,18,17
10183,1,3,23,3
10182,20,33,30,7
10181,1,18,24,9
10180,4,1,46,1
10179,7,3,182,1
10178,3,2,36,1
10177,1,5,24,4
10176,0,0,21,1
10175,6,16,16,1
10174,12,11,169,1
10173,2,8,49,11
10172,43,9,11,2
10171,8,16,18,4
10170,2,2,11,5
10169,9,8,8,19
10168,9,8,8,7
10167,0,7,36,2
10166,15,6,60,8
10165,12,16,37,9
10164,92,51,49,24
10163,16,79,9,3
10162,44,9,14,19
10161,3,6,32,5
10160,42,2,26,3
10159,0,25,3,25
10158,18,27,17,1
10157,6,6,25,36
10156,6,42,7,9
10155,4,0,8,5
10154,20,15,0,10
10153,0,0,21,4
10152,2,10,67,9
10151,11,22,13,10
10150,0,4,28,4
10149,56,17,18,2
10148,0,0,4,2
10147,0,0,6,2
10146,12,4,33,10
10145,8,7,9,3
10144,1,4,4,4
10143,1,6,21,3
10142,10,4,37,49
10141,4,4,56,1
10140,48,13,42,13
10139,65,31,36,1
10138,3,3,14,1
10137,21,8,39,12
10136,2,2,20,4
10135,2,2,1,4
10134,3,9,66,13
10133,3,3,21,5
10132,10,6,7,10
10131,3,2,25,5
10130,4,22,18,1
10129,1,2,189,3
10128,0,4,20,3
10127,3,11,20,14
10126,4,0,4,2
10125,29,29,37,1
10124,9,5,103,13
10123,7,35,13,1
10122,3,8,50,5
10121,0,28,44,27
10120,10,11,2,17
10119,4,5,39,38
10118,0,6,12,7
10117,0,0,52,2
10116,0,0,33,2
10115,11,16,24,1
10114,4,0,24,3
10113,4,5,183,15
10112,13,10,38,4
10111,44,41,26,28
10110,52,56,82,107
10109,13,16,17,1
10108,14,12,14,1
10107,8,24,5,20
10106,8,7,4,10
10105,4,3,39,1
10104,4,19,9,4
10103,7,5,25,6
10102,4,2,39,1
10101,4,3,19,3
10100,2,32,34,1
10099,2,2,8,4
10098,5,28,31,1
10097,4,17,0,20
10096,44,4,12,5
10095,44,4,12,5
10094,8,2,16,4
10093,16,8,27,32
10092,60,4,17,2
10088,11,8,23,14
10087,49,32,47,18
10086,0,0,17,3
10084,0,0,40,15
10078,6,6,32,5
10077,8,0,41,7
10076,9,4,7,12
10075,6,10,12,7
10074,10,5,10,4
10073,34,38,89,3
10072,20,12,32,4
10071,6,6,52,2
10070,13,3,82,20
10069,13,3,82,20
10068,0,0,16,1
10067,1,0,30,15
10066,4,3,38,8
10065,3,12,13,7
10064,24,16,12,17
10063,4,6,39,6
10062,29,9,20,6
10061,12,8,20,25
10060,15,3,24,15
10059,1,1,14,3
10058,2,2,41,8
10057,33,2,7,21
10056,5,7,55,5
10055,2,5,19,15
10054,2,2,9,9
10053,1,3,9,8
10052,6,8,20,7
10051,15,11,6,31
10050,55,2,49,11
10049,7,7,118,131
10048,8,4,58,14
10047,13,89,90,13
10046,26,17,22,1
10045,20,20,40,1
10044,8,2,51,7
10043,2,3,26,4
10042,0,0,29,28
10041,0,12,51,62
10040,10,5,103,1
10039,12,1,2,2
10038,0,12,72,83
10037,34,13,34,8
10036,44,52,2,26
10035,6,7,6,1
10034,25,45,110,43
10033,0,0,25,4
10032,0,0,32,2
10031,43,4,6,4
10030,1,4,27,6
10029,5,5,4,1
10028,33,19,5,11
10027,6,14,32,7
10026,30,8,26,1
10025,9,8,163,13
10024,24,0,0,8
10023,17,72,4,21
10022,0,0,64,24
10021,23,20,9,7
10020,10,9,61,6
10019,0,4,29,8
10018,31,10,5,39
10017,4,8,60,24
10016,5,3,12,9
10015,1,10,27,8
10014,4,23,5,4
10013,10,7,27,21
10012,9,44,77,129
10011,6,5,29,4
10010,4,54,33,90
10009,6,5,19,8
10008,101,21,28,8
10007,6,3,41,8
10006,9,116,67,4
10005,17,13,28,5
10004,183,7,2,5
10003,64,73,50,1
10002,3,7,43,4
10001,13,147,32,14
10000,11,0,100,110
9999,6,5,100,110
9998,82,75,35,6
9997,0,9,90,83
9996,0,1,47,47
9995,14,1,64,78
9994,0,8,85,77
9993,14,1,64,78
9992,4,53,6,8
9991,9,35,14,9
9990,8,6,66,1
9989,1,3,48,5
9988,37,30,55,11
9987,2,1,29,5
9986,56,30,22,20
9985,1,0,12,4
9984,1,1,22,2
9983,5,3,15,3
9982,3,3,40,13
9981,15,72,105,5
9980,2,2,13,1
9979,74,66,52,3
9978,2,3,27,2
9977,46,77,69,8
9976,22,2,168,27
9975,9,14,17,6
9974,10,43,59,1
9973,60,0,60,8
9972,11,28,9,3
9971,92,0,4,5
9970,46,38,40,8
9969,16,82,16,16
9968,0,16,69,45
9967,0,4,35,38
9966,14,1,14,2
9965,0,13,62,13
9964,5,6,47,19
9963,2,5,30,8
9962,12,12,57,11
9961,4,4,30,1
9960,1,2,5,1
9959,13,3,90,105
9958,1,0,20,4
9957,21,8,163,12
9956,0,80,0,79
9955,33,4,28,13
9954,12,4,93,1
9953,1,5,13,1
9952,1,17,3,15
9951,8,4,12,13
9950,3,0,17,1
9949,6,0,34,39
9948,2,0,2,1
9947,20,22,74,16
9946,23,18,1,10
9945,2,3,29,8
9944,2,2,27,5
9943,70,84,38,69
9942,22,23,36,20
9941,68,76,14,12
9940,20,4,60,83
9939,0,0,36,7
9938,0,28,131,5
9937,62,1,84,5
9936,1,1,7,8
9935,3,2,8,12
9934,24,12,100,28
9933,14,0,91,104
9932,16,0,112,127
9931,51,89,14,20
9930,16,72,16,31
9929,16,16,40,24
9928,0,0,23,1
9927,14,37,49,5
9926,24,24,0,10
9925,18,6,78,14
9924,6,18,2,1
9923,1,0,16,2
9922,0,0,7,2
9921,1,2,11,1
9920,12,80,36,1
9919,53,54,46,9
9918,16,0,112,127
9917,16,0,5,16
9916,15,0,102,116
9915,39,6,5,10
9914,8,6,92,1
9913,12,65,3,3
9912,3,4,26,10
9911,8,8,91,1
9910,10,7,71,87
9909,3,3,16,5
9908,0,0,14,13
9907,3,0,12,5
9906,2,1,8,5
9905,26,4,71,4
9904,8,39,5,1
9903,67,56,22,1
9902,105,29,7,1
9898,0,1,25,1
9897,4,6,29,8
9896,0,0,19,9
9895,47,36,29,9
9894,37,23,27,5
9893,4,7,69,26
9892,25,0,74,98
9891,4,12,17,6
9890,7,11,67,84
9889,1,0,7,7
9888,3,3,5,8
9887,3,4,18,7
9886,16,8,91,85
9885,2,17,17,1
9884,16,8,91,85
9883,11,7,73,20
9882,32,29,27,2
9881,5,8,73,85
9880,0,12,69,80
9879,0,12,69,80
9878,17,0,49,1
9877,15,0,59,19
9876,22,23,9,4
9875,48,18,48,1
9874,19,29,55,15
9873,5,178,9,14
9872,1,5,26,1
9871,140,0,52,11
9870,10,11,9,6
9869,0,69,62,130
9868,7,86,9,54
9867,6,37,62,53
9866,24,7,106,29
9865,6,7,68,80
9864,1,0,13,2
9863,13,20,68,67
9862,2,65,9,1
9861,9,6,9,7
9860,11,64,7,19
9859,10,13,66,23
9858,20,5,20,8
9857,15,4,44,48
9856,4,3,1,2
9855,27,2,5,4
9854,10,19,37,19
9853,2,12,19,1
9852,10,3,63,6
9851,10,20,83,112
9850,2,14,2,11
9849,47,1,55,23
9848,4,6,24,18
9847,14,2,39,11
9846,7,14,18,15
9845,1,4,24,5
9844,1,4,13,4
9843,1,4,12,4
9842,12,14,2,5
9841,0,0,4,3
9840,15,10,116,1
9839,42,10,48,57
9838,0,2,2,3
9837,10,44,64,73
9836,8,0,48,55
9835,8,5,100,112
9834,32,75,85,79
9833,67,10,41,78
9832,15,0,130,30
9831,5,1,15,1
9830,23,5,86,113
9829,35,72,0,1
9828,22,0,146,167
9827,8,0,76,5
9826,14,1,76,1
9825,13,1,77,1
9824,8,0,88,9
9823,30,9,9,10
9822,12,0,72,35
9821,7,9,32,17
9820,2,5,99,4
9819,2,5,100,5
9818,8,4,54,64
9817,8,8,30,8
9816,0,9,38,4
9815,2,1,56,53
9814,16,5,109,11
9813,0,1,68,28
9812,36,36,95,71
9811,38,30,99,36
9810,38,30,99,36
9809,52,16,99,36
9808,41,19,88,4
9807,4,0,188,62
9806,3,1,140,143
9805,3,1,140,143
9804,3,1,9,3
9803,22,1,81,14
9802,17,0,37,18
9801,20,0,12,21
9800,56,4,48,48
9799,3,2,22,6
9798,0,0,45,19
9797,0,2,18,4
9796,30,5,1,1
9795,30,5,1,1
9794,4,8,47,58
9793,72,72,48,42
9792,1,8,1,3
9791,1,8,32,5
9790,0,1,25,2
9789,5,15,35,1
9788,14,1,80,94
9787,1,1,37,13
9786,0,24,0,23
9785,6,5,24,10
9784,2,18,3,3
9783,0,0,11,7
9782,20,12,9,4
9781,2,2,16,1
9780,8,12,1,12
9779,3,1,26,25
9778,5,5,138,58
9777,6,4,25,4
9776,30,4,2,3
9775,68,4,120,15
9774,4,0,26,3
9773,44,0,48,2
9772,0,0,45,2
9771,7,5,16,1
9770,8,1,34,14
9769,0,0,18,4
9768,0,0,18,4
9767,55,22,35,8
9766,5,2,25,30
9765,23,2,112,22
9764,1,0,89,11
9763,2,44,9,6
9762,7,20,16,7
9761,10,34,112,61
9760,16,28,51,50
9759,3,3,42,7
9758,3,8,62,32
9757,9,0,62,2
9756,7,1,63,1
9755,4,8,179,1
9754,16,0,70,48
9753,5,35,2,6
9752,33,22,67,109
9751,2,29,6,22
9750,30,12,25,5
9744,8,14,15,7
9743,6,9,72,7
9742,9,3,77,88
9741,9,3,77,88
9740,24,18,21,4
9739,0,4,35,1
9738,16,15,57,15
9737,11,8,25,1
9736,10,9,44,10
9735,20,0,56,20
9734,16,15,57,15
9733,10,9,44,10
9732,6,5,48,6
9731,9,15,59,4
9730,19,31,61,5
9729,19,0,84,21
9728,19,1,85,104
9727,19,1,85,1
9726,16,1,62,78
9725,19,2,82,21
9724,13,2,64,21
9723,15,19,75,108
9722,2,2,26,29
9721,11,3,66,11
9720,41,10,94,3
9719,12,8,76,12
9718,4,2,13,4
9717,11,1,58,2
9716,48,34,68,10
9715,46,10,25,21
9714,14,13,48,2
9713,9,17,43,68
9712,4,7,82,84
9711,6,3,84,92
9710,8,2,28,11
9709,9,42,79,55
9708,25,22,94,47
9707,0,0,6,5
9706,3,3,11,4
9705,13,1,79,92
9704,39,24,39,1
9703,3,11,9,14
9702,5,4,42,2
9701,26,0,52,10
9700,14,54,26,11
9699,11,7,79,20
9698,11,9,86,105
9697,17,2,91,17
9696,52,4,10,65
9695,48,48,96,35
9694,15,18,45,13
9693,15,0,34,6
9692,2,56,72,60
9691,7,7,3,2
9690,10,172,10,10
9689,8,0,43,14
9688,20,4,17,23
9687,48,37,18,17
9686,4,1,12,4
9685,5,20,1,4
9684,42,72,66,38
9683,4,40,24,67
9682,2,0,16,4
9681,56,16,9,16
9680,36,42,36,6
9679,4,5,65,12
9678,2,8,62,3
9677,32,60,36,8
9676,6,6,24,11
9675,8,10,38,1
9674,11,37,6,11
9673,22,12,45,1
9672,6,14,14,1
9671,88,0,7,1
9670,4,4,73,8
9669,0,0,49,48
9668,0,0,49,48
9667,0,0,20,1
9666,0,0,6,1
9665,6,24,77,106
9664,6,24,78,107
9663,19,17,64,16
9662,0,23,9,7
9661,5,48,14,2
9660,3,3,4,1
9659,3,3,4,1
9658,1,26,9,12
9657,2,2,10,1
9656,7,10,22,9
9655,40,1,3,2
9654,0,0,26,19
9653,12,0,96,5
9652,17,0,85,10
9651,54,0,55,1
9650,45,15,36,1
9649,4,0,93,96
9648,3,4,13,3
9647,16,52,43,9
9646,28,28,60,12
9645,7,2,23,3
9644,68,7,55,5
9643,19,15,118,7
9642,11,13,26,6
9641,4,5,41,9
9640,21,0,57,75
9639,5,4,43,8
9637,5,6,17,10
9636,76,10,6,18
9635,3,2,24,5
9634,0,0,192,19
9633,38,8,12,4
9632,5,2,21,2
9631,2,6,44,7
9630,2,5,24,2
9629,10,14,168,5
9628,0,0,40,1
9627,5,0,17,2
9626,1,0,38,1
9625,0,0,15,1
9624,5,1,60,4
9623,6,0,25,6
9622,2,3,49,1
9621,36,14,22,37
9620,8,0,39,7
9619,10,10,61,20
9618,7,9,77,2
9617,9,8,64,17
9614,10,15,13,2
9613,4,6,56,2
9612,6,7,94,1
9611,0,1,8,2
9610,0,0,19,2
9609,5,4,74,10
9608,17,11,164,5
9607,16,1,21,25
9606,5,7,179,47
9605,0,15,17,31
9601,5,0,63,4
9600,12,12,168,24
9591,3,1,84,63
9590,27,0,62,88
9589,7,0,33,8
9588,6,0,27,19
9587,3,1,41,1
9586,59,0,14,25
9585,12,41,4,8
9584,27,0,62,88
9583,0,0,31,10
9582,0,0,9,1
9581,10,60,1,70
9580,2,0,59,12
9579,3,1,84,63
9578,3,1,84,64
9577,0,0,8,3
9576,0,0,4,2
9575,0,0,10,3
9574,24,29,89,9
9573,6,1,80,25
9572,6,65,1,17
9571,3,1,106,109
9570,3,1,106,109
9569,18,15,19,15
9568,4,20,66,7
9567,13,14,95,23
9566,32,22,35,88
9565,8,5,74,86
9564,29,68,32,57
9563,8,38,22,9
9562,33,0,33,65
9561,0,0,3,2
9560,0,0,5,1
9559,19,0,88,59
9558,0,0,4,1
9557,36,12,96,59
9556,2,0,70,12
9555,2,4,21,4
9554,12,51,39,13
9553,2,0,59,12
9552,13,52,35,99
9551,5,1,79,84
9550,12,0,70,16
9549,8,4,60,16
9548,5,12,72,88
9547,5,12,72,88
9546,9,36,26,70
9545,0,5,60,10
9544,0,1,16,4
9543,16,9,40,11
9542,2,51,39,46
9541,2,75,15,70
9540,0,6,26,31
9539,11,0,96,2
9538,1,0,18,2
9537,9,0,40,8
9536,10,28,56,93
9535,12,15,33,59
9534,65,60,67,191
9533,24,59,32,114
9532,6,0,70,75
9531,13,1,96,109
9530,10,8,78,95
9529,1,3,54,57
9528,10,1,66,76
9527,17,15,21,52
9526,1,0,80,48
9525,8,20,35,62
9524,2,0,68,42
9523,11,1,79,90
9522,10,0,91,100
9521,10,0,91,100
9520,12,37,27,75
9519,15,42,39,95
9518,65,1,41,1
9517,5,3,71,9
9516,97,1,4,101
9515,12,9,62,82
9514,12,6,20,12
9513,13,1,51,1
9512,15,15,25,54
9511,60,0,73,60
9510,18,12,71,1
9509,62,38,7,28
9508,16,22,64,4
9507,0,19,49,6
9506,10,1,37,1
9505,44,92,28,96
9504,17,8,2,16
9503,54,4,48,48
9502,0,1,28,2
9501,3,13,2,5
9500,1,1,18,2
9499,13,4,72,87
9498,19,12,9,12
9497,5,3,73,31
9496,0,67,54,67
9495,23,29,57,108
9494,0,0,14,2
9493,2,1,22,1
9492,12,84,30,1
9491,32,20,69,80
9490,32,20,69,88
9489,60,0,0,31
9488,6,6,15,24
9487,8,7,7,1
9486,11,11,60,81
9485,6,7,22,17
9484,41,45,35,120
9483,25,0,37,61
9482,2,1,24,2
9481,20,0,89,1
9480,14,0,94,1
9479,36,0,64,36
9478,0,3,57,2
9477,2,4,66,60
9476,9,18,31,57
9475,0,5,21,25
9474,3,7,63,13
9473,29,121,41,3
9472,43,25,39,26
9471,13,5,18,18
9470,12,5,18,18
9469,13,5,19,19
9468,44,52,48,143
9467,57,42,47,34
9466,12,6,102,23
9465,0,25,79,44
9464,6,30,54,36
9463,27,0,65,91
9462,43,70,8,120
9461,21,12,43,34
9460,57,4,58,17
9459,16,2,97,112
9458,0,21,100,21
9457,26,0,88,113
9456,23,1,23,11
9455,62,14,4,8
9454,0,192,0,20
9453,110,48,34,16
9452,16,55,39,8
9451,16,47,66,128
9450,0,17,87,17
9449,0,42,48,41
9448,2,0,58,59
9447,91,0,0,30
9446,26,22,22,69
9445,0,87,48,134
9444,31,56,75,105
9443,0,21,42,20
9441,6,0,94,8
9440,11,11,166,187
9439,5,0,59,63
9438,19,37,44,43
9437,4,11,5,6
9436,4,0,44,43
9435,0,7,81,80
9434,1,0,8,4
9432,65,49,78,68
9431,59,36,34,59
9423,13,5,66,83
9422,60,4,80,74
9421,22,57,47,125
9420,58,35,50,57
9419,42,51,0,42
9418,8,1,183,83
9417,29,15,55,46
9416,66,1,25,91
9415,1,2,91,70
9413,0,0,112,16
9412,2,4,28,7
9411,8,21,85,21
9410,36,26,46,81
9409,100,4,0,21
9408,36,8,47,36
9407,26,56,24,27
9406,11,8,148,125
9405,33,52,33,12
9404,62,13,44,16
9403,46,19,46,15
9402,44,43,93,69
9401,70,64,58,26
9400,4,12,18,12
9396,24,42,12,12
9395,6,5,100,110
9394,8,0,16,23
9393,4,12,83,98
9392,0,21,50,70
9391,16,11,58,1
9390,11,5,17,16
9389,32,26,44,2
9388,21,41,97,158
9387,68,14,30,75
9386,52,16,52,104
9385,44,24,62,74
9384,3,52,25,79
9383,53,3,8,63
9382,16,29,92,74
9381,14,29,71,37
9380,11,34,62,1
9379,11,6,61,77
9378,8,48,41,94
9377,67,11,41,51
9376,9,36,39,33
9375,11,0,67,1
9374,14,52,87,61
9373,9,46,35,45
9372,10,15,18,42
9371,38,34,59,130
9370,8,8,36,19
9369,5,10,28,42
9368,10,102,10,28
9367,19,43,61,48
9366,16,37,58,36
9365,16,12,54,81
9364,33,13,74,119
9363,1,0,40,40
9362,8,88,96,191
9361,3,3,96,101
9360,14,102,23,138
9359,20,0,80,79
9358,5,20,60,67
9357,9,59,33,100
9356,14,0,99,48
9355,32,0,80,111
9354,7,8,116,23
9353,29,4,74,106
9350,1,0,44,44
9349,12,64,29,5
9348,16,1,84,41
9347,29,58,37,57
9346,16,1,106,29
9345,0,16,110,16
9344,4,46,11,3
9341,1,11,47,5
9340,10,36,25,70
9339,15,76,18,108
9338,3,6,32,2
9334,6,65,61,131
9333,6,24,78,107
9332,8,4,1,4
9331,30,65,37,80
9330,1,0,66,11
9329,8,9,51,4
9328,28,32,24,57
9327,24,2,92,16
9326,15,8,73,95
9325,1,0,106,1
9324,6,0,9,6
9323,28,32,24,57
9322,3,6,33,1
9321,23,1,49,1
9320,58,60,74,172
9319,12,0,80,91
9318,40,34,61,33
9317,40,35,60,34
9316,21,0,39,59
9315,36,22,26,48
9314,19,20,9,3
9313,15,14,48,15
9312,30,46,97,22
9311,91,38,62,62
9310,28,14,18,6
9309,57,45,90,8
9308,20,12,112,3
9307,32,4,112,147
9306,20,0,142,161
9305,0,1,103,103
9304,0,1,76,27
9303,1,4,20,1
9302,4,32,6,12
9301,0,4,52,55
9300,24,34,32,23
9299,12,4,90,1
9298,4,58,12,15
9297,12,0,180,191
9296,4,60,12,15
9295,2,0,18,19
9294,19,63,44,125
9293,68,74,50,177
9292,13,3,58,9
9291,4,0,45,8
9290,1,2,20,4
9289,16,2,80,79
9288,16,16,80,33
9287,12,4,46,61
9286,5,0,129,133
9285,27,16,29,1
9284,32,40,40,4
9283,0,0,17,3
9282,94,52,46,132
9281,15,0,15,15
9280,0,1,17,17
9279,30,42,30,4
9278,53,97,42,145
9277,76,110,6,129
9276,13,0,138,150
9275,11,23,110,143
9274,8,13,103,123
9273,9,0,47,55
9272,9,0,47,55
9271,10,1,42,15
9270,2,1,63,65
9269,4,1,49,53
9268,0,0,15,14
9267,0,0,7,5
9266,8,1,4,7
9265,0,9,103,39
9264,1,3,115,61
9263,7,1,82,25
9262,13,5,63,21
9261,52,87,53,179
9260,8,4,99,105
9259,20,1,56,76
9258,0,0,8,7
9257,0,0,3,1
9256,4,4,56,63
9255,17,72,55,143
9254,0,0,9,4
9253,21,38,55,21
9252,28,0,44,27
9251,48,52,92,48
9250,52,60,32,32
9249,1,15,110,125
9248,40,4,70,91
9247,0,12,31,2
9246,3,82,1,20
9245,20,70,58,20
9244,8,73,24,104
9243,23,37,38,1
9242,20,40,9,18
9241,2,1,12,1
9240,37,37,55,27
9239,23,12,34,23
9238,11,0,118,127
9237,25,26,141,191
9236,68,71,23,20
9235,58,10,106,28
9234,29,6,97,65
9233,21,25,56,97
9232,40,20,54,113
9231,0,0,18,1
9230,0,5,32,2
9229,24,4,14,1
9228,3,6,5,1
9227,2,3,7,6
9226,0,0,51,9
9225,30,30,48,107
9224,27,18,43,87
9223,3,82,1,41
9222,3,88,14,52
9221,52,116,24,17
9220,7,99,15,120
9219,0,0,35,1
9218,1,33,47,4
9217,7,7,7,20
9216,0,1,48,4
9215,0,10,28,37
9214,23,82,43,146
9213,28,24,140,191
9212,52,17,123,83
9211,1,0,11,1
9210,1,0,71,71
9209,8,8,45,60
9208,11,11,58,21
9207,11,14,4,27
9206,5,19,74,1
9205,129,20,43,162
9204,40,80,40,159
9203,89,88,15,140
9202,71,59,62,40
9201,2,0,29,4
9200,52,40,12,103
9199,10,30,21,60
9198,16,24,20,59
9197,1,20,27,1
9196,2,0,15,4
9195,20,60,41,16
9194,22,61,40,114
9193,70,70,52,29
9192,0,12,72,83
9191,69,1,122,52
9190,8,13,113,127
9189,4,7,13,5
9188,9,12,11,4
9187,20,46,14,30
9186,12,15,72,61
9185,3,0,69,71
9184,54,0,42,15
9183,9,12,80,41
9182,26,63,13,72
9181,10,10,59,58
9180,38,1,135,24
9179,53,49,90,191
9178,1,12,94,1
9177,11,0,181,191
9176,5,58,42,1
9175,1,47,12,5
9174,12,1,15,1
9173,11,5,41,56
9172,1,43,2,5
9171,18,54,45,35
9170,35,11,62,36
9169,5,2,23,29
9168,20,16,71,21
9167,3,6,16,1
9166,10,13,94,62
9165,7,18,63,76
9164,2,1,10,4
9163,1,2,10,3
9162,15,68,35,48
9161,90,1,11,1
9160,1,10,27,1
9159,15,74,60,118
9158,1,0,56,56
9157,25,4,108,49
9156,15,3,69,83
9155,40,8,62,81
9154,64,58,32,9
9153,50,42,84,65
9152,2,14,69,9
9151,27,32,15,5
9150,14,20,62,17
9149,6,15,148,21
9148,8,36,45,17
9147,10,0,25,11
9146,25,3,61,18
9145,20,9,75,19
9144,8,14,66,6
9143,14,14,14,11
9142,0,0,28,4
9141,0,0,36,4
9140,0,0,81,4
9139,8,24,30,24
9138,5,0,34,29
9137,3,0,61,15
9136,4,2,127,63
9135,3,0,84,86
9134,9,5,82,52
9133,11,1,99,48
9132,5,1,70,35
9131,20,5,2,7
9130,6,0,50,6
9129,3,1,15,12
9128,5,5,45,6
9127,21,16,73,8
9126,14,37,51,11
9125,6,12,26,11
9124,14,37,52,12
9123,6,7,23,12
9122,6,0,101,6
9121,1,2,10,2
9120,12,0,28,12
9119,12,0,132,143
9118,2,5,26,8
9117,4,0,78,10
9116,0,1,77,77
9115,2,0,76,77
9114,6,0,50,9
9113,6,0,99,4
9112,1,2,17,6
9111,21,4,75,20
9110,8,1,60,1
9109,8,0,25,8
9108,1,1,59,3
9107,5,3,44,1
9106,3,0,84,86
9105,6,5,76,69
9104,0,0,23,11
9103,30,3,66,98
9102,30,3,74,105
9101,12,36,19,1
9100,1,0,88,88
9099,1,0,88,88
9098,16,8,78,20
9097,2,1,105,6
9096,24,5,54,80
9095,24,4,55,82
9094,1,2,14,2
9093,10,4,81,38
9092,12,2,94,2
9091,60,41,8,2
9090,1,0,35,1
9089,11,0,113,123
9088,2,8,7,4
9087,0,11,95,1
9086,0,0,30,8
9085,11,9,29,23
9084,18,5,45,11
9083,13,10,61,38
9082,13,4,36,12
9081,36,0,96,23
9080,4,2,186,102
9079,8,1,120,8
9078,4,0,1,4
9077,46,45,45,120
9076,5,51,5,8
9075,8,10,10,9
9074,0,0,31,8
9073,0,0,19,6
9072,0,0,8,7
9071,9,10,79,17
9070,9,72,10,26
9069,12,8,105,18
9068,6,44,32,6
9067,3,63,18,66
9065,12,2,76,2
9064,2,8,96,49
9063,1,1,18,2
9062,7,0,19,6
9061,0,4,8,4
9060,20,1,80,6
9059,3,1,5,2
9058,5,4,4,2
9057,4,2,13,5
9056,0,0,78,77
9055,1,0,88,88
9054,16,53,70,53
9053,18,24,14,7
9052,92,26,16,8
9051,22,15,22,1
9050,61,13,118,4
9049,23,14,23,1
9048,50,6,44,9
9047,11,94,1,11
9046,6,3,40,5
9045,18,0,23,11
9044,13,15,0,5
9043,2,0,56,7
9042,8,7,80,7
9041,1,1,109,7
9040,11,8,92,1
9039,3,0,83,4
9038,3,16,48,9
9037,0,1,131,62
9036,16,3,39,6
9035,44,43,6,6
9034,4,1,20,4
9033,8,0,51,8
9032,1,1,40,27
9031,6,14,16,1
9030,32,24,1,32
9029,22,20,14,4
9028,8,0,25,8
9027,72,48,72,17
9026,38,30,58,10
9025,2,6,12,2
9024,0,5,24,5
9023,5,7,34,9
9022,0,0,19,5
9021,126,16,16,18
9020,0,14,82,39
9019,0,19,4,4
9018,15,17,10,7
9017,5,6,19,12
9016,6,2,29,11
9015,17,8,41,1
9014,0,20,1,20
9013,7,7,28,34
9012,15,17,10,7
9011,23,11,18,13
9010,23,11,18,12
9009,9,14,17,4
9008,39,2,20,1
9007,4,1,12,8
9006,16,16,61,76
9005,56,41,95,1
9004,1,19,26,5
9003,8,2,1,2
9002,24,48,85,9
9001,3,8,28,10
9000,19,16,1,1
8999,0,0,118,117
8998,2,2,26,1
8997,4,5,24,9
8996,0,0,28,17
8995,8,5,3,4
8994,10,5,3,4
8993,8,0,44,8
8992,2,57,54,7
8991,3,7,41,4
8990,5,4,47,1
8989,8,8,176,16
8988,9,9,28,7
8987,16,7,10,6
8986,18,18,1,4
8985,8,11,37,1
8984,4,5,26,3
8983,53,12,0,11
8982,21,9,40,3
8981,20,12,32,28
8980,20,60,80,7
8979,3,6,19,9
8978,8,16,14,3
8977,0,8,32,8
8976,7,6,6,5
8975,3,3,9,6
8974,8,9,9,25
8973,6,2,146,10
8972,7,0,7,3
8971,0,15,30,23
8970,4,0,13,2
8969,13,15,20,12
8968,3,3,10,4
8967,15,0,15,1
8966,6,2,3,3
8965,56,56,80,5
8964,12,24,0,3
8963,22,14,88,35
8962,14,32,68,12
8961,1,1,7,2
8960,2,4,10,3
8959,72,6,6,73
8958,0,28,0,6
8957,8,4,13,1
8956,6,5,2,8
8955,17,17,23,7
8954,8,8,5,8
8953,9,0,16,12
8952,2,3,28,7
8951,10,1,30,1
8950,18,8,32,4
8949,0,0,15,2
8948,6,4,38,2
8947,28,2,40,8
8946,0,4,13,4
8945,49,73,50,24
8944,17,12,36,17
8943,14,21,19,14
8942,34,0,0,8
8941,0,1,15,2
8940,64,54,62,18
8939,20,62,1,5
8938,8,6,9,1
8937,10,7,27,5
8936,7,8,6,1
8935,14,2,14,15
8934,12,39,36,2
8933,40,47,34,48
8932,24,0,9,8
8931,37,14,3,20
8930,20,8,34,13
8929,8,5,12,3
8928,0,0,77,12
8927,38,16,8,17
8926,1,2,15,4
8925,23,16,9,1
8924,32,41,36,13
8923,13,1,150,6
8922,0,0,16,6
8921,0,1,117,116
8920,1,1,76,77
8919,1,1,76,77
8918,6,1,61,13
8917,0,5,8,6
8916,0,0,28,5
8915,5,4,18,5
8914,26,31,129,30
8913,2,2,18,3
8912,0,5,18,5
8911,3,1,20,20
8910,25,20,110,24
8909,18,0,27,18
8908,2,2,18,3
8907,4,6,22,18
8906,5,4,18,5
8905,5,4,18,5
8904,5,4,18,5
8903,5,4,18,5
8902,2,2,26,25
8901,5,4,18,5
8900,0,0,24,19
8899,6,5,30,24
8898,5,4,8,5
8897,14,1,48,14
8896,0,0,18,1
8895,12,10,13,1
8894,12,5,88,12
8893,15,0,62,76
8892,55,56,81,3
8891,14,9,47,4
8890,8,2,7,9
8889,2,2,44,2
8888,0,0,33,6
8887,7,6,79,22
8886,4,0,25,1
8885,0,0,66,50
8884,12,11,14,4
8883,5,1,14,6
8881,103,13,13,11
8880,1,41,3,14
8879,19,48,23,5
8878,3,6,31,39
8877,14,6,21,4
8876,2,4,4,9
8875,6,6,16,3
8874,34,12,56,15
8873,37,37,8,36
8872,24,16,21,4
8871,5,5,24,7
8870,34,12,56,1
8869,11,16,69,11
8868,22,30,33,3
8867,22,16,46,5
8866,10,0,51,26
8865,8,13,34,18
8864,13,7,17,10
8863,0,4,188,140
8862,11,0,11,21
8861,12,0,55,12
8860,0,0,17,1
8859,3,0,67,1
8858,34,31,42,1
8857,1,1,53,11
8856,4,7,67,24
8855,16,16,86,31
8854,4,1,55,8
8853,0,0,10,9
8852,0,0,8,7
8851,6,0,39,14
8850,8,8,88,17
8849,4,4,79,9
8848,12,6,74,1
8847,10,12,147,23
8846,8,10,67,23
8845,29,16,94,138
8844,13,6,75,1
8843,11,8,70,1
8842,7,2,38,1
8841,10,2,44,21
8840,12,4,87,5
8839,0,0,74,1
8838,7,40,46,6
8837,6,2,49,2
8836,34,0,6,3
8835,3,0,40,1
8834,8,51,2,5
8833,0,2,64,9
8832,82,16,2,6
8831,16,8,64,1
8830,16,0,111,16
8829,16,8,56,1
8828,12,6,6,6
8827,12,0,88,9
8826,14,1,95,109
8825,14,36,47,53
8824,20,10,65,45
8823,26,7,80,103
8822,22,0,82,82
8821,46,0,0,35
8820,3,9,108,59
8819,69,12,7,86
8818,0,0,29,28
8817,29,1,90,29
8816,20,0,81,10
8815,0,0,28,7
8814,23,0,46,7
8813,5,6,5,1
8812,2,10,58,13
8811,0,9,33,8
8810,1,0,33,15
8809,14,6,141,16
8808,24,11,157,191
8807,7,4,28,5
8806,4,1,4,8
8805,52,11,12,4
8804,12,0,29,12
8803,0,0,16,4
8802,183,8,1,1
8801,10,23,26,3
8800,4,2,86,7
8799,14,8,20,16
8798,14,8,20,16
8797,43,45,44,38
8796,8,4,58,1
8795,3,3,3,8
8794,11,48,51,15
8793,27,52,113,8
8792,69,0,123,6
8791,0,0,20,19
8790,4,7,67,77
8789,0,0,9,8
8788,20,21,50,41
8787,46,68,78,78
8786,81,0,0,6
8785,37,2,153,39
8784,4,2,40,5
8783,14,35,31,25
8782,20,21,50,41
8781,9,6,54,49
8780,16,0,81,96
8779,16,0,81,96
8778,12,27,132,170
8777,0,0,72,71
8776,0,0,60,59
8774,1,0,71,71
8773,0,0,23,1
8772,0,0,20,1
8771,0,0,21,1
8770,0,0,20,1
8769,0,0,18,1
8768,1,0,20,1
8767,0,0,18,11
8766,24,34,96,51
8765,31,47,62,41
8764,13,4,36,16
8763,4,43,2,13
8762,42,5,54,30
8761,3,2,47,26
8760,2,0,48,11
8759,0,0,15,1
8758,22,0,0,4
8757,55,4,91,1
8756,0,1,65,1
8755,28,29,47,7
8754,3,34,98,11
8753,44,16,46,11
8752,27,58,30,1
8751,17,36,18,1
8750,9,3,28,16
8749,2,2,32,23
8748,21,36,14,1
8747,51,8,35,8
8746,16,5,76,31
8745,16,10,35,1
8744,45,0,89,72
8743,0,0,24,23
8742,22,27,24,1
8741,55,16,117,39
8740,38,43,95,46
8739,63,23,19,2
8738,4,0,81,28
8737,0,0,97,96
8736,0,0,80,79
8735,0,0,48,47
8734,0,0,15,8
8733,52,90,0,89
8732,11,11,170,191
8731,2,8,46,12
8730,3,5,69,55
8729,29,34,129,6
8728,20,0,0,19
8727,0,0,16,3
8726,1,0,50,9
8725,5,7,6,17
8724,11,11,170,190
8723,1,0,50,1
8722,1,0,23,3
8721,2,1,22,1
8720,1,0,24,1
8719,8,18,92,75
8718,9,16,88,67
8717,3,5,98,6
8716,9,0,96,9
8715,1,0,23,1
8714,9,8,103,8
8713,66,0,0,64
8712,3,5,18,9
8711,11,10,46,45
8710,0,0,19,18
8709,0,0,33,32
8708,0,0,16,15
8707,0,0,22,21
8706,0,0,13,1
8705,6,4,45,23
8703,61,14,33,2
8702,15,46,44,27
8701,9,18,66,14
8700,26,3,103,76
8699,16,139,7,9
8698,20,142,3,3
8697,14,0,81,1
8696,49,23,20,41
8695,1,26,120,93
8694,0,24,110,56
8693,0,37,153,68
8692,0,37,95,104
8691,13,29,82,48
8690,21,65,64,57
8689,3,49,2,7
8688,28,0,0,4
8687,44,118,3,3
8686,106,12,62,45
8685,48,12,22,10
8684,32,6,49,37
8683,17,0,0,4
8682,68,60,64,2
8681,4,3,98,58
8680,4,11,51,20
8679,0,0,16,2
8678,21,0,10,4
8677,0,0,16,5
8676,1,1,5,6
8675,12,1,3,3
8674,35,0,100,31
8673,27,13,67,24
8672,46,84,43,116
8671,21,4,161,34
8670,3,13,144,92
8669,23,49,36,11
8668,2,0,24,1
8667,20,13,150,38
8666,4,40,87,8
8665,2,25,56,2
8664,1,13,94,1
8663,19,29,60,12
8662,21,48,121,25
8661,3,14,85,14
8660,3,46,60,40
8659,37,37,91,164
8658,10,67,70,82
8657,11,17,45,11
8656,4,9,56,12
8655,1,11,62,1
8654,0,34,130,39
8653,5,22,157,28
8651,0,9,70,17
8650,44,28,66,8
8649,9,11,58,9
8648,67,61,51,2
8647,2,0,16,3
8646,68,41,0,32
8645,10,5,23,1
8644,0,0,7,1
8643,3,1,14,4
8642,12,28,5,24
8641,33,5,5,1
8640,4,74,15,88
8639,70,44,0,113
8638,7,12,79,10
8637,45,3,36,15
8636,29,13,60,4
8635,4,1,20,8
8634,6,1,27,1
8633,0,0,10,3
8632,5,0,30,8
8631,3,0,18,4
8630,5,11,56,17
8629,43,14,46,7
8628,0,0,21,5
8627,16,16,12,43
8626,0,22,22,43
8625,0,44,0,43
8624,0,0,44,43
8623,2,1,11,3
8622,25,19,132,13
8621,16,11,59,3
8620,107,30,19,12
8619,16,49,111,4
8618,18,40,123,26
8617,18,41,127,13
8616,1,3,14,1
8615,16,16,99,32
8614,95,19,53,21
8613,1,0,20,4
8612,2,3,23,8
8611,12,1,90,2
8610,11,45,46,1
8609,5,24,16,15
8608,2,18,33,12
8607,20,22,22,24
8606,0,0,19,6
8605,1,1,15,5
8604,2,4,29,8
8603,1,1,29,7
8602,5,4,55,9
8601,16,22,27,10
8600,0,25,4,6
8599,2,1,3,2
8598,1,1,2,1
8597,1,0,12,1
8596,3,5,26,33
8595,11,31,17,11
8594,9,6,5,19
8593,1,1,6,5
8592,0,0,8,5
8591,0,0,6,1
8590,32,20,16,28
8589,32,20,16,28
8588,17,10,23,10
8587,7,8,37,5
8586,10,22,78,13
8585,3,1,18,3
8584,10,22,94,12
8583,6,5,34,8
8582,0,0,92,91
8581,1,0,13,2
8580,5,6,1,5
8579,8,3,31,9
8578,1,0,13,2
8577,5,3,27,6
8575,164,25,3,189
8574,1,0,10,2
8573,5,15,14,9
8572,0,0,82,10
8571,24,0,0,1
8570,20,0,0,1
8569,51,19,8,6
8568,7,0,20,3
8567,2,26,7,17
8566,16,4,30,14
8565,5,14,99,18
8564,12,42,54,42
8563,20,28,80,31
8562,31,38,62,46
8561,24,0,94,38
8560,15,42,12,58
8559,62,31,33,65
8558,21,97,15,132
8557,13,55,16,13
8556,4,30,36,69
8555,10,8,78,3
8554,13,49,16,13
8553,0,0,59,32
8552,30,125,13,22
8551,122,0,44,1
8550,13,10,91,113
8549,25,0,107,131
8548,8,10,57,1
8547,0,45,58,1
8546,11,1,0,1
8545,1,1,16,5
8544,8,8,102,117
8543,24,8,127,3
8542,2,0,16,3
8541,1,0,16,2
8540,0,0,16,2
8539,23,4,53,5
8538,12,3,99,51
8537,14,0,4,17
8536,16,0,36,15
8535,7,8,31,8
8534,16,20,36,32
8533,47,75,36,24
8532,29,43,56,12
8531,4,6,66,32
8529,16,18,72,105
8528,5,9,47,6
8527,1,8,28,7
8526,23,5,54,38
8525,7,4,50,11
8524,8,0,40,47
8523,6,41,28,43
8522,9,51,20,15
8521,20,0,72,6
8520,1,4,33,35
8519,24,0,40,48
8518,10,6,35,35
8517,10,6,35,35
8516,7,0,44,14
8515,24,1,32,32
8514,37,0,24,11
8513,1,2,17,15
8512,12,4,48,11
8511,8,16,1,16
8510,18,1,61,1
8509,0,0,11,1
8508,0,0,18,1
8507,0,0,7,1
8506,50,22,0,6
8505,11,6,24,1
8504,1,1,2,3
8503,8,4,20,20
8502,3,2,65,3
8501,3,3,10,1
8500,16,16,3,1
8499,3,15,75,1
8498,12,1,69,14
8497,0,0,16,4
8496,0,0,10,2
8495,0,0,8,2
8494,0,0,6,3
8493,65,15,57,33
8492,6,1,36,9
8491,9,4,14,13
8490,8,11,69,13
8489,6,6,13,24
8488,14,50,36,15
8487,161,31,0,19
8486,33,0,33,1
8485,18,34,140,12
8484,11,24,0,1
8483,139,4,29,5
8482,47,35,58,6
8481,7,17,70,1
8480,19,8,7,9
8479,0,0,13,7
8478,9,17,58,1
8477,12,14,32,3
8476,4,2,12,7
8475,5,9,46,13
8474,38,26,9,2
8473,3,2,10,1
8472,15,12,79,1
8471,52,98,42,139
8470,6,6,24,12
8469,178,12,2,140
8468,13,19,3,17
8467,5,3,184,8
8466,4,0,11,4
8465,1,2,3,1
8464,94,21,55,10
8463,3,0,35,37
8462,2,17,17,7
8461,14,11,91,109
8460,3,0,25,1
8459,8,8,48,12
8458,30,53,49,2
8457,20,10,83,34
8456,28,32,67,2
8455,8,11,74,82
8454,39,41,52,11
8453,20,6,28,10
8452,0,2,23,24
8451,74,0,81,49
8450,23,2,3,23
8449,7,32,11,13
8448,9,0,26,1
8447,1,3,31,7
8446,9,7,50,34
8445,34,25,33,1
8444,8,0,20,8
8443,4,1,39,16
8442,11,6,3,1
8441,18,7,47,1
8440,12,5,23,20
8439,0,8,16,4
8438,32,0,4,33
8437,1,1,5,2
8436,15,28,4,4
8435,4,11,11,7
8434,8,5,14,26
8433,9,16,24,3
8432,5,4,6,14
8431,16,22,42,17
8430,6,5,31,31
8429,2,2,28,31
8428,1,3,24,6
8427,4,2,186,102
8426,16,16,80,111
8425,3,11,9,4
8424,4,1,60,24
8423,12,2,34,22
8422,11,1,0,4
8421,11,1,0,4
8420,0,5,4,2
8419,6,4,7,1
8418,2,2,5,4
8417,3,7,0,1
8416,5,5,17,21
8415,4,8,72,13
8414,4,8,72,13
8413,7,6,102,113
8412,6,49,26,1
8411,2,6,50,1
8410,15,5,80,19
8409,6,49,26,1
8408,6,15,100,120
8407,6,15,100,120
8406,5,8,54,17
8405,4,7,42,8
8404,5,10,5,1
8403,4,2,24,8
8402,17,17,158,1
8401,6,3,24,2
8400,0,55,9,1
8399,13,12,7,23
8398,3,2,31,2
8397,57,10,2,37
8396,11,4,11,25
8395,1,0,13,7
8394,33,0,16,5
8393,1,12,40,17
8392,0,0,131,20
8391,3,2,7,3
8390,29,34,129,6
8389,0,0,32,5
8388,15,24,25,6
8387,19,60,2,5
8386,6,6,14,11
8385,0,2,32,2
8384,4,5,100,48
8383,4,5,100,48
8382,99,46,47,10
8381,4,8,3,6
8380,16,10,51,11
8379,15,8,5,9
8378,0,126,66,14
8377,5,6,5,10
8376,4,11,13,1
8375,2,5,16,6
8374,9,4,87,12
8373,7,9,19,3
8372,3,2,29,6
8371,10,57,67,28
8370,4,4,8,4
8369,6,6,41,47
8368,0,0,12,11
8367,90,12,90,191
8366,6,9,7,1
8365,8,1,56,16
8364,42,33,18,6
8363,22,19,44,28
8362,21,0,24,6
8361,27,9,16,9
8360,67,2,55,123
8359,20,16,6,20
8358,4,4,0,2
8357,2,2,18,2
8356,6,3,24,1
8355,7,8,8,8
8354,0,6,15,6
8353,4,14,40,6
8352,4,14,40,6
8351,7,3,52,4
8350,4,6,17,5
8349,16,10,10,19
8348,5,2,5,5
8347,35,9,6,9
8346,1,0,10,1
8345,0,0,6,2
8344,1,1,2,1
8343,4,5,53,4
8342,0,28,28,5
8341,6,7,5,17
8340,5,5,7,8
8339,3,4,14,8
8338,0,0,16,15
8337,36,12,5,8
8336,3,0,9,9
8335,19,124,49,40
8334,5,3,9,1
8333,3,5,31,2
8332,3,5,31,2
8331,12,1,8,12
8330,20,17,13,9
8329,5,4,10,4
8328,8,5,70,1
8327,0,0,11,1
8326,10,4,37,6
8325,2,7,35,10
8324,3,14,2,3
8323,3,14,2,3
8322,4,2,93,17
8321,9,26,44,17
8320,8,8,33,12
8319,12,12,75,10
8318,16,21,83,8
8317,90,12,90,191
8316,10,48,22,11
8315,52,39,29,6
8314,40,44,108,2
8313,8,7,49,63
8312,19,14,101,7
8311,23,12,61,13
8310,6,2,23,3
8309,0,15,86,12
8308,26,23,41,36
8307,10,0,80,10
8306,8,37,35,2
8305,16,7,49,15
8304,32,18,8,9
8303,45,40,107,15
8302,54,27,33,4
8301,12,9,15,12
8300,48,48,23,62
8299,80,71,41,2
8298,20,81,91,2
8297,36,15,39,9
8296,0,0,71,2
8295,9,3,43,6
8294,52,0,48,51
8293,4,7,20,1
7293,0,0,5,2
7292,9,7,7,16
7291,54,12,14,2
7290,8,7,72,1
7289,16,0,47,16
7288,6,2,9,8
7287,5,10,38,17
7286,2,11,71,2
7285,65,59,10,10
7284,12,3,174,4
7283,8,18,6,7
7282,12,50,124,8
7281,48,4,2,2
7280,3,3,2,2
7279,53,60,28,2
7278,7,9,59,16
7277,46,35,111,13
7276,4,77,111,4
7275,0,4,48,34
7274,4,6,38,6
7273,10,1,5,2
7272,0,14,39,11
7271,49,42,1,32
7270,4,86,40,43
7269,8,19,1,4
7268,0,0,12,1
7267,4,6,12,4
7266,4,0,48,1
7265,14,3,27,4
7264,1,44,45,43
7263,49,42,1,32
7262,10,12,10,31
7261,87,12,7,55
7260,8,8,57,17
7259,20,28,50,1
7258,6,6,40,1
7257,6,28,60,1
7256,11,17,44,14
7255,11,17,44,14
7254,11,20,60,1
7253,1,2,64,19
7252,30,77,13,4
7251,4,4,17,24
7250,30,0,58,87
7249,22,85,85,191
7248,11,0,60,24
7247,5,10,49,3
7246,21,3,9,8
7245,4,40,80,87
7244,6,77,57,6
7243,3,6,71,79
7242,21,4,16,40
7241,60,16,0,17
7240,15,10,3,11
7239,66,67,7,138
7238,17,16,36,17
7237,7,65,7,15
7236,38,20,3,3
7235,1,2,6,2
7234,1,0,7,1
7233,0,1,7,1
7232,0,9,2,2
7231,5,21,43,22
7230,13,29,52,21
7229,168,20,4,184
7228,6,0,47,17
7227,37,91,7,88
7226,36,6,3,44
7225,33,23,36,91
7224,1,1,8,1
7223,16,62,20,62
7222,68,29,11,68
7221,6,0,19,24
7220,3,0,37,27
7219,19,15,47,19
7218,29,24,18,17
7217,0,12,64,75
7216,18,1,85,102
7215,15,11,75,26
7214,10,6,22,21
7213,2,5,66,34
7212,25,47,37,58
7211,0,17,50,17
7210,0,6,73,17
7209,0,2,36,22
7208,20,25,15,1
7207,10,17,20,22
7206,17,10,59,17
7205,30,56,42,62
7204,8,28,16,12
7203,13,9,79,5
7202,10,3,45,16
7201,6,5,26,1
7199,3,7,65,5
7198,1,2,8,1
7197,2,3,24,1
7196,3,2,49,1
7195,6,9,2,1
7194,7,5,29,3
7193,6,3,79,2
7192,7,15,170,191
7191,30,2,40,43
7190,29,2,40,43
7189,2,3,22,5
7188,4,3,48,8
7187,20,18,11,20
7186,46,10,8,22
7185,15,14,56,14
7184,19,19,66,11
7183,18,14,70,3
6184,49,30,59,53
6183,49,9,104,19
5183,56,12,62,45
5182,3,40,0,22
5181,0,67,44,1
5180,15,29,19,3
5179,2,3,16,1
5178,94,82,4,24
5177,0,0,11,2
5176,0,0,40,4
5175,16,0,34,1
5174,97,0,95,8
5173,7,1,2,1
5172,8,6,1,13
5171,0,0,5,4
5170,0,0,7,2
5169,107,4,0,3
5168,28,14,37,1
5167,78,0,0,7
5166,12,29,33,73
5165,20,68,104,113
5164,91,28,73,16
5163,18,15,49,2
5162,4,3,135,4
5161,12,0,16,12
5160,1,6,19,24
5159,1,0,10,2
5158,18,15,49,2
5157,15,30,136,2
5156,8,8,18,4
5155,81,38,61,10
5154,156,15,3,4
5153,41,53,30,1
5152,0,12,120,131
5151,34,29,129,16
5150,30,0,4,4
5149,22,31,44,1
5148,148,18,26,19
5147,41,0,56,16
5146,29,12,56,41
5145,30,50,42,2
5144,17,17,15,48
5143,14,20,60,92
5142,11,8,14,32
5141,4,1,2,6
5140,20,14,13,1
5139,2,2,7,2
5138,36,12,36,26
5137,1,16,78,66
5136,1,1,9,1
5135,11,0,65,9
5134,0,0,14,1
5133,25,7,18,7
5132,6,6,6,11
5131,0,0,16,15
5130,0,0,9,6
5129,1,0,21,12
5128,0,0,10,1
5127,0,0,32,2
5126,0,0,35,2
5125,1,0,191,1
5124,3,1,84,37
5123,28,1,2,3
5122,21,15,15,50
5121,13,22,15,13
5120,30,23,36,25
5119,6,15,11,1
5118,42,104,11,95
5117,55,36,53,75
5116,1,3,8,3
5115,39,37,76,143
5114,26,26,47,4
5113,38,40,1,41
5112,6,47,25,5
5111,147,6,27,85
5110,2,27,31,2
5109,0,0,32,31
5108,24,0,0,1
5107,0,0,8,7
5106,4,4,4,11
5105,2,14,0,15
5104,0,0,12,11
5103,1,2,15,3
5102,2,1,10,3
5101,0,20,16,4
5100,4,4,7,4
5099,22,1,4,26
5098,1,1,18,2
5097,15,24,49,11
5096,6,3,24,3
5095,0,0,32,14
5094,12,12,12,12
5093,2,0,101,8
5092,0,34,23,1
5091,31,16,0,4
5090,0,46,0,6
5089,5,0,47,16
5088,35,8,5,6
5087,0,0,20,3
5086,4,1,8,4
5085,9,11,87,7
5084,2,0,7,3
5083,0,0,7,1
5082,2,2,5,1
5081,4,4,44,4
5080,0,0,4,1
5079,2,6,7,3
5078,14,9,1,9
5077,51,14,111,39
5076,36,0,0,9
5075,13,65,28,19
5074,6,66,66,11
5073,32,34,20,20
5072,0,0,73,12
5071,81,48,52,24
5070,2,0,44,10
5069,16,8,12,11
5068,10,12,13,34
5067,7,2,21,2
5066,6,8,39,1
5065,6,6,6,12
5064,0,20,4,4
5063,0,0,16,4
5062,10,10,13,32
5061,3,3,29,1
5060,0,0,19,6
5059,3,3,13,6
5058,19,1,1,3
5057,3,1,16,7
5056,6,5,5,1
5055,5,1,61,1
5054,7,7,2,4
5053,51,26,12,13
5052,18,12,72,13
5051,1,36,4,5
5050,0,0,4,1
5049,0,0,8,7
5048,1,0,20,4
5047,0,0,12,1
5046,4,0,20,4
5045,32,13,16,56
5044,14,5,39,5
5043,2,0,35,7
5042,4,0,13,6
5041,3,3,9,5
5040,7,4,7,2
5039,10,10,70,89
5038,0,0,14,5
5037,32,4,108,1
5036,9,20,60,88
5035,0,0,40,1
5034,6,11,102,19
5033,13,4,5,5
5032,75,12,92,84
5031,16,36,3,11
5030,17,13,150,14
5029,44,14,14,14
5028,1,7,8,3
5027,2,5,2,2
5026,1,2,12,3
5025,1,7,5,6
5024,1,3,16,3
5023,15,11,138,7
5022,0,0,20,9
5021,6,6,132,143
5020,84,21,16,4
5019,16,16,64,24
5018,4,8,4,4
5017,8,9,21,12
5016,0,0,192,1
5015,2,1,12,1
5014,7,10,9,11
5013,12,0,24,4
5012,49,2,57,6
5011,0,2,7,1
5010,9,0,24,1
5009,28,6,37,70
5008,13,5,77,1
5007,96,96,0,33
5006,0,23,153,174
5005,23,18,2,7
5004,24,5,0,7
5003,53,22,117,1
5002,6,27,159,107
5001,24,0,168,98
5000,12,7,5,5
4999,22,9,27,9
4998,1,6,6,3
4997,93,56,43,45
4996,25,32,50,8
4995,55,1,88,11
4994,23,0,13,1
4993,0,0,14,1
4992,0,0,16,1
4991,44,112,20,79
4990,0,171,21,20
4989,101,14,14,14
4988,146,29,17,63
4987,5,1,14,2
4986,64,64,64,8
4985,9,43,14,63
4984,38,36,16,6
4983,4,18,38,40
4982,1,82,73,87
4981,1,15,110,110
4980,6,9,21,25
4979,16,16,136,167
4978,68,62,62,1
4977,9,11,60,44
4976,0,0,34,13
4975,28,37,75,7
4974,0,0,13,12
4973,0,0,35,34
4972,0,0,81,9
4971,5,12,11,3
4970,7,22,8,2
4969,0,0,10,9
4968,31,5,0,1
4967,8,16,0,2
4966,30,0,0,4
4965,192,0,0,4
4964,12,12,57,24
4963,9,27,9,9
4962,20,86,86,19
4961,3,0,16,3
4960,7,4,36,4
4959,0,44,0,2
4958,17,0,175,1
4957,44,60,88,12
4956,25,0,143,167
4955,20,12,6,35
4954,25,18,25,24
4953,22,14,6,27
4952,4,6,85,93
4951,34,34,20,13
4950,8,8,4,9
4949,12,20,4,21
4948,34,78,80,19
4947,12,0,78,1
4946,0,44,46,10
4945,0,0,22,21
4944,3,2,21,13
4943,26,0,0,23
4942,1,0,13,13
4941,1,0,11,2
4940,4,0,13,5
4939,20,8,8,35
4938,0,1,86,86
4937,0,0,87,86
4936,27,5,105,136
4935,0,0,12,3
4934,4,11,16,1
4933,73,35,16,15
4932,24,57,22,37
4931,20,2,1,6
4930,5,36,51,6
4929,12,24,61,25
4928,20,21,0,40
4927,12,17,48,35
4926,7,6,47,59
4925,44,32,0,19
4924,2,2,37,3
4923,16,16,50,15
4922,12,17,48,3
4921,12,12,53,44
4920,8,8,14,13
4919,64,48,48,159
4918,70,22,84,175
4917,13,17,42,70
4916,0,0,69,2
4915,11,12,101,23
4914,9,12,77,25
4913,11,11,170,93
4912,0,18,84,4
4911,1,28,16,8
4910,42,24,31,30
4909,10,52,0,9
4908,9,0,49,4
4907,0,4,51,51
4906,33,0,15,15
4905,0,2,25,26
4904,44,20,24,44
4903,2,0,13,14
4902,2,10,21,5
4901,0,0,24,22
4900,28,1,29,57
4899,11,1,74,1
4898,6,5,6,1
4897,6,1,84,1
4896,11,37,37,38
4895,0,0,24,8
4894,13,0,73,8
4893,0,49,87,135
4892,14,11,64,14
4891,1,0,135,135
4890,8,50,42,16
4889,1,0,135,135
4888,8,0,110,117
4887,1,13,55,67
4886,6,9,57,71
4885,27,53,0,79
4884,6,9,57,71
4883,0,5,35,12
4882,39,0,0,1
4881,19,0,77,19
4880,9,7,63,78
4879,20,0,71,90
4878,6,15,84,22
4877,58,27,36,16
4876,16,0,98,16
4875,9,93,0,101
4874,9,93,0,101
4873,31,1,32,6
4872,15,15,51,30
4871,37,5,3,17
4870,3,42,52,1
4869,16,2,44,4
4868,3,45,55,1
4867,5,2,52,11
4866,0,0,180,10
4865,12,90,0,101
4864,17,0,84,1
4863,48,64,80,12
4862,19,19,70,23
4861,15,7,83,6
4860,13,6,141,6
4859,4,0,13,4
4858,25,19,31,15
4857,3,8,20,2
4856,3,2,135,139
4855,0,0,94,93
4854,4,10,81,44
4853,11,37,37,38
4852,18,12,19,13
4851,15,15,98,127
4850,33,15,30,33
4849,7,21,33,10
4848,7,21,33,13
4847,1,0,7,2
4846,22,1,19,1
4845,1,0,13,2
4844,28,82,4,12
4843,8,4,43,12
4842,9,5,83,20
4841,4,7,34,44
4840,3,12,4,1
4839,0,1,18,18
4838,29,71,21,29
4837,23,0,1,3
4836,9,9,14,1
4835,14,8,50,5
4834,17,50,17,18
4833,15,19,73,106
4832,11,5,10,3
4831,15,18,16,8
4830,84,52,44,28
4829,0,0,12,2
4828,32,21,40,13
4827,0,0,116,4
4826,0,7,35,7
4825,36,0,46,36
4824,58,38,38,1
4823,12,7,25,6
4822,4,9,135,1
4821,4,0,85,12
4820,4,0,118,21
4819,0,33,103,33
4818,37,0,46,82
4817,22,22,38,81
4816,23,31,46,72
4815,26,23,143,185
4814,20,1,0,20
4813,14,4,86,103
4812,2,28,9,38
4811,3,6,33,12
4810,15,35,80,50
4809,0,12,179,1
4808,69,11,53,39
4807,8,5,12,12
4806,0,2,27,10
4805,1,8,23,31
4804,6,4,15,1
4803,1,13,148,53
4802,34,42,54,23
4801,8,17,134,17
4800,15,0,0,14
4799,8,17,149,17
4798,10,4,76,26
4797,12,0,66,77
4796,3,0,15,1
4795,3,0,12,1
4794,8,2,62,20
4793,3,8,130,9
4792,5,9,178,10
4791,4,4,4,4
4790,12,11,169,1
4789,10,8,73,32
4788,17,26,68,35
4787,38,1,24,6
4786,0,12,172,1
4785,9,14,77,19
4784,29,15,148,11
4783,10,11,19,12
4782,0,8,51,21
4781,0,0,48,19
4780,15,28,70,42
4779,9,0,49,4
4778,11,4,90,15
4777,2,12,68,80
4776,4,0,95,8
4775,1,10,55,65
4774,2,0,94,24
4773,91,42,6,5
4772,53,11,18,31
4771,0,0,16,15
4770,7,2,18,2
4769,14,21,66,13
4768,12,36,96,35
4767,21,27,96,21
4766,13,35,96,13
4765,0,1,26,2
4764,0,1,22,2
4763,61,0,0,2
4762,115,30,47,26
4761,0,0,89,6
4760,0,105,4,10
4759,13,74,9,4
4758,0,11,39,49
4757,10,0,92,13
4756,7,0,39,38
4755,13,6,51,8
4754,9,9,23,19
4752,19,2,48,7
4751,5,38,14,7
4750,1,12,67,7
4749,2,37,7,10
4748,7,0,24,7
4747,10,8,8,4
4746,15,16,22,3
4745,18,12,0,1
4744,5,1,30,35
4743,10,14,80,25
4742,0,0,58,8
4741,20,3,38,1
4740,18,14,7,38
4739,36,0,64,64
4738,0,4,96,96
4737,0,2,142,99
4736,4,14,39,12
4735,3,2,19,4
4734,1,0,62,62
4733,0,24,28,7
4732,10,5,30,24
4731,0,2,17,5
4730,0,0,12,2
4729,0,0,24,8
4728,31,0,31,6
4727,1,15,41,14
4726,0,15,96,110
4725,1,4,40,4
4724,14,0,60,30
4723,2,102,0,4
4722,13,4,64,30
4721,4,10,73,14
4720,12,7,85,103
4719,9,2,70,12
4718,22,44,4,4
4717,50,7,2,8
4716,6,24,41,5
4715,9,27,26,1
4714,14,19,86,28
4713,42,27,12,1
4712,12,23,66,100
4711,6,10,176,1
4710,11,12,169,1
4709,48,60,84,52
4708,4,6,60,1
4707,6,5,31,11
4706,9,50,7,1
4705,6,4,14,6
4704,8,2,2,10
4703,33,33,66,3
4702,0,18,23,35
4701,0,2,25,26
4699,1,8,46,8
4698,35,0,64,82
4697,56,56,0,29
4696,6,1,44,43
4695,2,1,12,14
4694,1,6,46,1
4693,0,8,40,39
4692,25,30,13,24
4691,0,8,104,103
4690,10,6,35,15
4689,4,3,13,16
4688,0,32,38,31
4687,0,44,28,34
4686,0,54,0,8
4685,18,39,8,50
4684,6,6,12,23
4683,0,42,0,41
4682,44,12,0,44
4681,4,6,51,1
4680,16,85,16,31
4679,9,3,61,51
4678,9,5,18,13
4677,94,12,12,36
4676,63,0,43,1
4675,38,4,19,1
4674,0,1,8,8
4673,6,9,34,40
4672,0,2,73,8
4671,0,3,26,26
4670,0,10,97,106
4669,0,8,74,73
4668,67,0,40,1
4667,11,68,0,12
4666,6,7,84,83
4665,65,0,42,1
4664,2,6,10,12
4663,0,9,66,66
4662,9,2,6,13
4661,8,61,26,1
4660,16,32,48,80
4659,0,0,76,31
4658,5,55,6,52
4657,18,25,21,1
4656,12,20,4,31
4655,12,9,25,24
4654,0,1,34,24
4653,10,16,56,24
4652,1,1,34,24
4651,1,1,22,23
4650,12,1,40,3
4649,3,4,32,19
4648,3,4,32,19
4647,0,0,96,18
4646,20,30,82,37
4645,33,0,80,112
4644,20,2,170,36
4643,69,12,111,35
4642,19,19,27,20
4641,18,8,42,18
4640,22,1,19,1
4639,31,6,79,38
4638,21,21,25,3
4637,13,80,0,52
4636,66,0,1,65
4635,6,14,53,32
4634,5,2,44,37
4633,11,3,34,19
4632,8,0,100,16
4631,7,1,61,68
4630,12,10,27,1
4629,22,0,0,5
4628,112,44,36,57
4627,9,9,49,65
4626,90,26,33,104
4625,7,15,24,21
4624,5,32,8,14
4623,9,18,72,1
4622,4,21,54,5
4621,8,4,16,8
4620,8,10,103,4
4619,45,24,60,6
4618,23,15,97,5
4617,14,53,38,104
4616,4,28,8,8
4615,4,28,8,8
4614,9,8,62,8
4613,51,37,37,73
4612,28,13,22,13
4611,0,0,67,8
4610,1,88,0,1
4609,57,31,31,61
4608,5,0,52,1
4607,16,8,87,8
4606,70,89,0,8
4605,16,8,80,8
4604,4,4,94,63
4603,4,4,94,63
4602,25,96,28,98
4601,25,0,0,9
4600,1,29,25,1
4599,8,0,108,115
4598,0,0,45,44
4597,8,0,108,115
4596,30,54,53,136
4595,8,17,20,4
4594,30,16,126,171
4593,50,60,72,50
4592,0,0,101,100
4590,6,6,84,90
4589,0,0,31,2
4588,1,2,1,2
4587,13,24,44,6
4586,52,24,25,15
4585,26,4,9,14
4584,2,18,38,8
4583,84,1,3,2
4582,26,42,26,14
4581,4,3,20,7
4580,3,2,0,4
4579,7,2,12,4
4578,34,2,89,36
4577,52,0,0,14
4576,51,70,21,58
4575,14,19,17,13
4574,4,0,54,8
4573,14,14,12,5
4572,18,13,1,3
4571,1,3,21,11
4570,8,2,5,8
4569,1,10,6,1
4568,4,2,21,3
4567,2,18,38,8
4566,50,1,60,30
4565,51,1,60,30
4564,16,16,104,16
4563,44,0,1,4
4562,24,4,20,32
4561,18,0,55,1
4560,17,6,7,28
4559,2,0,8,9
4558,4,2,10,6
4557,1,11,26,37
4556,15,8,89,17
4555,3,0,11,4
4554,8,12,138,13
4553,21,13,10,3
4552,27,0,108,28
4551,17,27,41,14
4550,19,29,34,14
4549,65,0,65,48
4548,66,0,88,40
4547,66,0,88,40
4546,14,48,33,94
4545,26,5,151,19
4544,1,12,31,6
4543,6,27,6,17
4542,88,0,0,24
4541,4,84,0,24
4540,4,0,27,25
4539,1,1,32,33
4538,1,2,55,9
4537,3,8,21,8
4536,0,5,10,6
4535,0,0,174,23
4534,52,40,29,8
4533,1,2,14,1
4532,4,12,20,3
4531,11,16,16,42
4530,8,1,40,12
4529,8,1,20,12
4528,0,0,22,21
4527,1,125,0,23
4526,0,0,14,13
4525,11,115,0,23
4524,0,4,17,8
4523,6,2,16,23
4522,67,48,35,30
4521,16,10,62,49
4520,7,3,13,10
4519,6,2,78,44
4518,2,1,15,1
4517,45,2,6,14
4516,42,58,39,30
4515,5,6,45,34
4514,7,20,7,20
4513,1,8,53,61
4512,3,3,3,8
4511,32,0,32,32
4510,0,0,130,22
4509,12,102,12,125
4508,6,21,44,28
4507,18,17,44,39
4506,6,7,23,20
4505,0,70,74,40
4504,1,10,40,14
4503,4,0,88,91
4502,19,15,15,24
4501,4,1,28,12
4500,5,5,77,7
4499,1,40,1,40
4498,2,5,36,8
4497,0,8,18,1
4496,48,60,42,149
4495,4,9,29,13
4494,4,4,13,5
4493,20,16,4,8
4492,56,19,42,14
4491,18,30,52,21
4490,37,1,0,6
4489,52,80,40,1
4488,0,0,138,8
4487,0,0,19,7
4486,42,0,42,3
4485,4,0,5,5
4484,16,0,9,24
4483,0,0,26,11
4482,0,0,23,22
4481,0,0,192,5
4480,54,53,65,53
4479,22,58,9,8
4478,9,9,7,13
4477,29,3,27,5
4476,16,0,15,2
4475,98,14,10,10
4474,14,0,19,14
4473,21,66,53,24
4472,0,0,8,5
4471,4,4,13,17
4470,2,52,6,16
4469,7,23,29,8
4468,38,2,31,38
4467,125,20,47,66
4466,22,41,54,22
4465,0,1,55,3
4464,7,9,49,16
4463,0,0,3,2
4462,1,0,14,2
4461,3,8,10,3
4460,43,8,7,3
4459,2,2,42,8
4458,1,3,5,1
4457,6,5,71,23
4456,16,1,31,17
4455,8,12,90,7
4454,3,57,10,69
4453,40,1,9,21
4452,0,10,44,10
4451,12,0,4,12
4450,5,8,8,8
4449,3,1,51,1
4448,6,44,7,6
4447,0,0,21,5
4446,7,8,97,97
4445,40,31,94,21
4444,35,18,72,78
4443,34,19,72,78
4442,31,51,44,18
4441,38,26,16,4
4440,34,51,44,21
4439,1,8,34,12
4438,7,108,2,58
4437,6,0,49,1
4436,0,0,35,34
4435,48,15,16,63
4434,16,13,4,4
4433,38,42,28,24
4432,0,10,36,5
4431,12,5,25,41
4430,7,5,90,73
4429,6,7,20,9
4428,10,11,62,48
4427,21,38,30,40
4426,6,6,74,85
4425,13,18,112,33
4424,0,11,54,56
4423,0,11,54,56
4422,0,11,54,1
4421,1,11,53,1
4420,8,0,136,31
4419,0,25,77,4
4418,21,12,103,103
4417,16,0,40,40
4416,4,63,22,65
4415,11,81,0,15
4414,39,47,0,1
4413,17,27,44,1
4412,21,40,20,1
4411,40,32,40,12
4410,4,10,52,4
4409,3,1,79,2
4408,1,8,100,1
4407,9,7,13,15
4406,1,23,13,1
4405,1,5,9,1
4404,18,0,67,27
4403,2,1,57,9
4402,4,4,67,9
4401,7,0,55,1
4400,24,6,157,7
4399,1,8,7,1
4398,6,0,13,3
4397,31,42,31,33
4396,17,19,41,19
4395,0,22,83,104
4394,7,12,82,3
4393,12,20,76,87
4392,0,45,32,76
4391,4,5,71,79
4390,64,33,25,1
4389,8,12,6,1
4388,2,2,2,3
4387,14,2,2,17
4386,13,2,2,16
4385,5,21,30,1
4384,23,11,24,26
4383,61,61,67,188
4382,0,80,35,80
4381,0,92,42,80
4380,22,22,26,25
4379,0,69,40,68
4378,33,7,80,13
4377,0,100,44,100
4376,12,14,12,7
4375,11,0,65,26
4374,39,82,48,19
4373,0,48,15,62
4372,63,61,66,189
4371,63,61,67,190
4370,11,50,10,50
4369,3,4,10,3
4368,73,10,85,18
4367,13,18,13,8
4366,31,10,80,14
4365,7,0,18,7
4364,0,0,64,63
4363,6,23,25,1
4362,26,0,32,21
4361,3,0,17,11
4360,1,0,15,15
4359,6,10,16,23
4358,14,17,30,38
4357,41,38,48,16
4356,0,0,80,79
4355,0,41,53,83
4354,8,76,10,78
4353,0,36,64,63
4352,1,0,100,96
4351,6,22,39,5
4350,1,11,57,68
4349,1,10,64,64
4348,1,0,57,1
4347,0,1,51,51
4346,6,2,21,6
4345,31,16,40,47
4344,3,1,43,3
4343,182,2,8,10
4342,20,0,16,3
4341,37,38,39,113
4340,33,19,32,54
4339,30,14,1,4
4338,48,97,4,7
4337,0,17,64,64
4336,0,1,80,80
4335,1,0,67,51
4334,32,36,32,8
4333,11,22,74,1
4332,13,30,13,9
4331,9,0,60,1
4330,13,0,17,29
4329,12,10,124,133
4328,22,31,26,78
4327,1,0,10,1
4326,4,4,70,1
4325,4,1,42,46
4324,4,0,47,50
4323,7,6,74,7
4322,6,31,16,31
4321,20,61,48,65
4320,4,24,79,63
4319,31,17,59,22
4318,0,66,7,72
4317,4,24,79,63
4316,69,0,2,6
4315,2,2,85,88
4314,7,24,2,1
4313,8,3,20,2
4312,2,5,10,2
4311,5,53,8,13
4310,34,17,21,8
4309,3,7,5,4
4308,0,11,11,21
4307,4,136,24,20
4306,9,9,43,21
4305,0,0,34,33
4304,6,68,6,52
4303,14,29,31,20
4302,64,5,7,58
4301,82,0,12,11
4300,1,4,12,16
4299,22,0,26,18
4298,47,44,24,10
4297,64,64,64,191
4296,40,20,20,20
4295,21,0,114,82
4294,88,0,0,3
4293,0,0,35,6
4292,0,4,68,71
4291,24,99,12,87
4290,19,19,61,19
4289,0,17,154,170
4288,24,4,0,11
4287,87,54,25,162
4286,13,6,24,42
4285,63,35,41,138
4284,64,64,64,19
4283,0,1,191,191
4282,36,33,34,1
4281,33,0,31,63
4280,13,174,5,6
4279,31,37,28,95
4278,15,40,17,1
4277,6,73,7,52
4276,56,0,43,98
4275,18,16,14,47
4274,19,63,6,19
4273,11,50,10,7
4272,34,59,53,18
4271,34,34,37,1
4270,0,0,81,80
4269,0,0,21,20
4268,8,15,27,21
4267,8,43,34,27
4266,6,1,26,6
4265,5,14,83,101
4264,8,8,12,27
4263,10,5,9,23
4262,1,11,38,44
4261,37,33,38,1
4260,16,0,16,31
4259,27,89,0,115
4258,27,89,0,115
4257,36,0,4,2
4256,29,0,0,7
4255,0,0,49,10
4254,15,7,12,2
4253,1,0,78,78
4252,20,69,62,2
4251,0,7,34,1
4250,21,0,75,95
4249,19,13,46,77
4248,14,9,54,29
4247,2,2,81,35
4246,36,27,67,2
4245,0,0,34,4
4244,3,3,75,80
4243,0,14,102,115
4242,11,0,50,60
4241,0,5,26,7
4240,5,3,37,2
4239,32,6,4,2
4238,14,8,12,2
4237,24,30,63,1
4236,22,15,117,45
4235,5,10,31,2
4234,2,32,24,8
4233,21,18,22,60
4232,32,74,18,50
4231,2,20,56,77
4230,1,5,6,5
4229,8,14,50,8
4228,8,1,28,5
4227,6,19,54,72
4226,8,2,47,31
4225,2,2,48,4
4224,21,0,95,115
4223,0,1,23,23
4222,14,48,33,94
4221,6,1,55,41
4220,11,1,92,103
4219,11,1,93,104
4218,6,4,108,19
4217,3,1,52,18
4216,20,59,23,37
4215,4,0,55,14
4214,54,76,47,1
4213,4,1,46,50
4212,16,0,61,76
4211,0,9,72,80
4210,16,8,65,64
4209,0,28,65,92
4208,65,10,81,23
4207,3,8,54,9
4206,11,3,54,1
4205,18,7,66,65
4204,23,3,73,20
4203,17,70,47,133
4202,0,0,15,2
4201,23,0,68,18
4200,0,6,30,34
4199,0,6,31,36
4198,29,57,63,13
4197,52,32,60,48
4196,8,22,74,102
4195,0,16,20,35
4194,2,2,28,27
4193,43,0,53,1
4192,3,90,96,33
4191,2,1,85,2
4190,0,6,46,10
4189,1,11,30,12
4188,4,16,20,39
4187,0,75,0,8
4186,82,28,2,32
4185,5,0,20,24
4184,14,12,126,42
4183,12,6,74,42
4182,11,7,86,13
4181,21,34,105,70
4180,65,10,9,1
4179,9,8,113,1
4178,16,25,87,57
4177,131,0,1,27
4176,12,18,91,48
4175,5,35,17,56
4174,13,131,0,143
4173,22,0,0,12
4172,0,0,12,11
4171,20,10,5,15
4170,3,0,21,3
4169,12,12,76,10
4168,5,32,43,32
4167,4,33,43,32
4166,4,24,35,27
4165,28,16,16,14
4164,9,57,3,22
4163,102,38,40,6
4162,4,14,0,17
4161,12,0,0,11
4160,7,0,82,88
4159,20,9,32,20
4158,7,6,38,8
4157,35,41,36,74
4156,21,6,14,20
4155,1,0,9,2
4154,22,14,26,23
4153,21,24,11,16
4152,14,25,10,23
4151,192,0,0,9
4150,37,25,15,2
4149,17,19,74,17
4148,124,21,47,50
4147,13,16,74,13
4146,0,15,97,11
4145,1,0,18,2
4144,36,17,16,36
4143,17,120,13,149
4142,38,0,0,25
4141,0,10,31,20
4140,0,1,17,2
4139,52,0,140,42
4138,0,14,9,15
4137,13,36,26,44
4136,38,13,38,28
4135,14,119,0,132
4134,11,22,81,101
4133,1,4,26,30
4132,1,12,83,95
4131,0,0,53,52
4130,27,137,0,7
4129,1,11,132,143
4128,0,98,0,97
4127,0,16,176,51
4126,0,0,134,133
4125,0,16,176,191
4124,0,16,176,191
4123,0,16,176,191
4122,0,16,176,191
4121,0,0,101,100
4120,8,0,84,55
4119,13,0,72,1
4118,10,25,37,1
4117,21,12,88,41
4116,14,6,4,17
4115,12,21,89,41
4114,38,4,97,138
4113,62,0,0,11
4112,35,19,34,7
4111,17,4,47,1
4110,17,5,46,1
4109,6,3,92,24
4108,8,0,86,1
4107,0,0,9,1
4106,9,11,36,5
4105,0,0,36,15
4104,90,61,34,1
4103,0,0,70,20
4102,89,55,17,38
4101,4,3,3,1
4100,13,12,63,14
4099,18,60,14,19
4098,25,32,20,76
4097,45,0,99,16
4096,4,4,28,35
4095,4,10,45,1
4094,0,0,192,20
4093,3,3,170,20
4092,2,7,104,12
4091,10,13,12,21
4090,5,8,64,3
4089,17,25,38,16
4088,30,20,47,30
4087,4,1,33,3
4086,15,24,23,15
4085,1,1,57,58
4084,1,1,59,54
4083,12,10,26,12
4082,7,4,6,1
4081,7,4,6,1
4080,3,3,8,1
4079,32,8,64,39
4078,1,6,76,1
4077,2,10,13,10
4076,0,26,38,63
4075,4,8,69,8
4074,16,0,44,59
4073,31,32,27,52
4072,1,0,21,21
4071,45,15,0,44
4070,0,15,45,44
4069,13,13,18,33
4068,30,17,3,3
4067,9,30,39,20
4066,24,26,75,21
4065,12,4,19,16
4064,16,33,0,2
4063,24,0,16,38
4062,10,59,5,6
4061,19,42,15,1
4060,25,18,86,23
4059,17,16,12,2
4058,28,19,78,23
4057,14,32,30,15
4056,16,17,159,15
4055,18,16,32,3
4054,7,27,6,2
4053,0,0,25,24
4052,9,25,14,23
4051,17,5,4,7
4050,6,1,51,8
4049,0,0,13,11
4048,5,0,9,8
4047,0,4,188,1
4046,3,7,11,4
4045,11,14,76,1
4044,29,30,0,1
4043,0,0,19,4
4042,27,32,0,1
4041,0,11,31,1
4040,24,23,21,1
4039,44,0,51,1
4038,31,25,49,12
4037,8,2,15,1
4036,18,5,169,191
4035,28,15,1,9
4034,43,0,1,9
4033,7,7,14,26
4032,11,10,1,21
4031,0,2,87,16
4030,17,14,11,41
4029,17,9,16,32
4028,8,0,25,9
4027,12,12,38,12
4026,4,1,29,1
4025,7,3,64,18
4024,23,32,23,77
4023,37,28,50,3
4022,7,0,49,2
4021,0,0,29,28
4020,28,1,4,4
4019,14,5,19,2
4018,0,0,30,3
4017,0,0,34,10
4016,0,1,14,2
4015,9,9,63,18
4014,2,6,15,1
4013,0,9,84,5
4012,20,11,59,89
4011,25,16,73,25
4010,31,0,0,30
4009,18,6,31,54
4008,18,0,48,1
4007,15,0,51,1
4006,0,0,65,64
4005,16,3,16,1
4004,7,34,8,16
4003,11,0,11,5
4002,19,54,7,17
4001,48,0,10,9
4000,112,0,80,79
3999,0,12,78,1
3998,2,0,44,2
3997,12,23,55,1
3996,0,0,124,12
3995,27,1,164,1
3994,12,12,106,1
3993,8,10,64,2
3992,22,41,93,14
3991,15,26,26,4
3990,24,14,14,14
3989,0,20,18,22
3988,52,57,0,52
3987,9,4,77,89
3986,21,1,6,12
3985,16,34,9,1
3984,56,4,1,56
3983,0,0,132,48
3982,0,1,105,53
3981,1,12,35,12
3980,1,3,88,91
3979,16,0,20,1
3978,0,0,64,58
3977,0,0,61,60
3976,0,0,81,80
3975,7,8,32,8
3974,31,14,40,28
3973,8,8,25,15
3972,2,0,30,11
3971,12,3,79,78
3970,3,23,133,1
3969,9,97,86,10
3968,155,21,16,10
3967,0,10,13,5
3966,9,8,90,4
3965,21,21,20,26
3964,0,12,13,8
3963,1,5,23,7
3962,38,3,1,41
3961,0,0,12,3
3960,93,44,55,13
3959,2,4,20,3
3958,0,0,16,15
3957,0,0,10,1
3956,0,0,5,4
3955,0,0,10,7
3954,58,20,114,25
3953,23,2,167,27
3952,26,43,82,150
3951,27,17,25,5
3950,30,26,108,163
3949,18,18,0,35
3948,16,25,80,119
3947,20,8,24,9
3946,40,16,20,20
3945,0,0,9,8
3944,18,14,20,51
3943,36,52,36,18
3942,11,11,110,131
3941,9,20,9,20
3940,14,33,59,105
3939,10,5,24,24
3938,2,3,10,6
3937,5,0,54,10
3936,21,3,2,4
3935,1,10,34,1
3934,16,156,10,70
3933,0,17,118,134
3932,0,12,61,72
3931,0,39,5,4
3930,4,9,48,48
3929,15,7,46,15
3928,7,7,103,116
3927,7,7,103,37
3926,24,9,79,1
3925,22,8,84,14
3924,11,11,82,77
3923,0,8,75,15
3922,7,0,30,4
3921,3,0,26,2
3920,1,0,16,2
3919,29,0,57,24
3918,7,15,55,14
3917,60,65,67,4
3916,82,16,94,6
3915,41,62,89,6
3914,16,7,81,15
3913,24,46,110,14
3912,6,32,67,104
3911,10,39,85,133
3910,15,97,1,108
3909,56,24,36,1
3908,22,147,14,93
3907,5,4,5,1
3906,3,10,83,95
3905,7,12,64,80
3904,8,42,32,37
3903,0,0,29,28
3902,0,4,6,3
3901,13,15,49,76
3900,15,5,11,11
3899,3,2,31,3
3898,1,15,84,4
3897,5,3,11,1
3896,0,44,102,88
3895,53,4,40,96
3894,1,0,109,85
3893,111,81,0,19
3892,0,34,24,57
3891,135,57,0,16
3890,4,0,24,8
3889,0,0,43,19
3888,0,18,10,27
3887,0,0,86,32
3886,0,0,61,26
3885,0,12,36,29
3884,10,0,31,10
3883,0,0,66,21
3882,0,0,108,12
3881,0,0,35,12
3880,0,0,41,7
3879,0,0,51,50
3878,0,192,0,8
3877,0,0,46,3
3876,174,0,18,16
3875,1,6,34,10
3874,16,18,0,4
3873,15,13,85,87
3872,4,4,12,6
3871,7,1,56,7
3870,6,3,60,24
3869,63,0,54,115
3868,96,12,44,151
3867,20,12,64,95
3866,6,3,60,24
3865,18,17,54,81
3864,4,6,110,35
3863,6,3,95,24
3862,0,0,37,36
3861,15,0,64,28
3860,10,0,47,1
3859,3,13,87,13
3858,6,14,68,15
3857,39,6,42,21
3856,16,0,116,131
3855,24,0,48,71
3854,9,9,14,6
3853,15,1,32,18
3852,15,8,14,36
3851,1,0,13,2
3850,0,0,31,7
3849,34,36,10,69
3848,21,7,7,34
3847,10,0,65,74
3846,2,45,85,28
3845,0,39,110,148
3844,1,1,6,1
3843,11,68,15,61
3842,32,101,59,59
3841,24,41,38,102
3840,39,18,47,103
3839,38,46,53,136
3838,11,68,15,61
3837,10,29,18,20
3836,5,72,43,104
3835,0,31,88,62
3834,0,58,0,57
3833,24,64,51,138
3832,12,39,54,103
3831,28,39,58,45
3830,0,31,88,38
3829,7,56,46,54
3828,6,51,77,56
3827,7,51,41,57
3826,25,26,21,1
3825,6,8,10,2
3824,15,0,146,156
3823,6,42,27,18
3822,22,0,166,187
3821,25,0,167,191
3820,7,12,50,1
3819,0,12,45,1
3818,1,4,39,38
3817,35,32,40,1
3816,10,160,22,158
3815,25,79,22,18
3814,18,6,16,25
3813,19,2,8,28
3812,80,10,26,68
3811,24,0,39,6
3810,0,0,27,8
3809,0,179,0,1
3808,4,5,5,2
3807,0,44,0,9
3806,17,2,8,2
3805,0,0,28,7
3804,0,0,10,9
3803,0,8,4,2
3802,10,16,4,29
3801,0,0,23,2
3800,19,0,83,101
3799,19,0,83,101
3798,52,70,70,33
3797,15,34,15,60
3796,192,0,0,191
3795,64,68,60,191
3794,34,35,38,1
3793,20,15,72,1
3792,21,15,92,127
3791,0,15,49,63
3790,17,1,4,20
3789,29,52,26,1
3788,9,11,7,26
3787,0,26,2,1
3786,15,0,23,37
3785,31,0,0,13
3784,9,91,1,72
3783,0,21,17,26
3782,0,30,10,7
3781,29,0,23,37
3780,59,9,0,8
3779,0,12,180,180
3778,0,17,17,25
3777,15,1,0,4
3776,8,19,9,22
3775,24,12,13,8
3774,0,25,4,2
3773,6,0,2,2
3772,32,88,72,30
3771,0,84,20,84
3770,23,41,25,18
3769,6,9,77,10
3768,0,0,16,15
3767,1,4,27,2
3766,48,44,0,48
3765,4,10,25,29
3764,5,0,11,12
3763,5,0,11,12
3762,8,0,14,12
3761,0,1,8,3
3760,0,94,52,94
3759,0,58,18,12
3758,36,52,36,18
3757,39,49,36,18
3756,0,28,20,27
3755,0,0,20,9
3754,3,0,9,10
3753,13,32,0,8
3752,30,3,2,5
3751,0,79,1,79
3750,34,12,8,7
3749,19,11,97,74
3748,16,0,36,51
3747,4,7,72,8
3746,8,24,26,12
3745,4,0,38,4
3744,28,0,28,13
3743,53,5,5,62
3742,0,0,20,6
3741,53,7,16,7
3740,3,0,3,3
3739,17,29,12,15
3738,38,6,51,94
3737,3,2,24,28
3736,0,0,22,21
3735,1,1,7,2
3734,6,0,46,5
3733,1,2,8,2
3732,0,7,28,23
3731,0,4,21,10
3730,60,20,12,4
3729,70,26,22,116
3728,58,73,61,46
3727,3,67,27,96
3726,0,6,79,13
3725,10,0,14,1
3724,14,7,9,14
3723,16,10,63,72
3722,12,0,7,12
3721,8,0,11,14
3720,0,71,4,74
3719,4,4,42,5
3718,58,19,12,8
3717,3,88,31,121
3716,48,92,52,64
3715,21,10,44,21
3714,20,16,42,20
3713,22,57,37,115
3712,0,104,0,12
3711,30,43,42,114
3710,6,0,45,35
3709,1,56,11,67
3708,18,21,62,100
3707,6,11,90,105
3706,23,3,78,32
3705,16,6,68,31
3704,31,12,102,69
3703,31,3,80,41
3702,11,16,56,62
3701,24,4,49,53
3700,11,13,45,38
3699,8,8,90,103
3698,36,20,12,67
3697,11,0,65,45
3696,12,12,80,12
3695,2,81,6,88
3694,9,1,71,79
3693,12,1,78,2
3692,18,50,51,118
3691,0,38,31,38
3690,8,2,8,8
3689,5,8,29,11
3688,3,4,17,1
3687,0,22,90,18
3686,0,20,61,13
3685,24,0,112,24
3684,12,77,53,89
3683,10,59,2,37
3682,15,15,82,31
3681,12,48,48,48
3680,11,32,56,32
3679,63,39,8,31
3678,3,4,5,1
3677,17,11,16,43
3676,5,5,71,1
3675,84,8,9,58
3674,15,50,10,74
3673,22,0,64,85
3672,0,2,80,78
3671,6,0,54,23
3670,15,0,12,15
3669,8,17,77,13
3668,48,24,0,48
3667,2,17,62,29
3666,48,32,0,21
3665,18,34,16,17
3664,0,6,10,7
3663,43,14,9,13
3662,0,2,10,1
3661,0,0,103,81
3660,5,17,5,12
3659,11,10,4,7
3658,0,192,0,12
3657,0,1,25,2
3656,13,0,10,9
3655,0,0,5,4
3654,19,0,44,9
3653,0,0,16,1
3652,0,0,20,10
3651,39,0,120,5
3650,0,0,17,2
3649,1,10,15,2
3648,0,2,11,2
3647,9,22,36,12
3646,57,7,42,27
3645,6,11,31,11
3644,39,39,0,8
3643,32,8,57,26
3642,12,9,54,74
3641,10,13,47,1
3640,11,0,80,67
3639,71,0,54,2
3638,32,32,0,32
3637,20,3,80,102
3636,0,115,33,107
3635,33,33,32,18
3634,0,71,21,21
3633,18,6,50,12
3632,21,8,16,21
3631,17,10,16,4
3630,21,63,22,4
3629,0,9,4,7
3628,20,12,32,6
3627,33,0,47,6
3626,0,0,4,1
3625,0,0,4,1
3624,3,2,9,5
3623,0,0,107,106
3622,0,4,108,107
3621,0,0,4,1
3620,7,1,42,9
3619,0,0,54,6
3618,0,104,0,1
3617,30,0,42,16
3616,0,0,4,3
3615,16,10,114,18
3614,65,60,0,6
3613,56,63,7,26
3612,1,12,93,16
3611,12,57,45,7
3610,44,6,1,50
3609,16,1,73,89
3608,67,10,5,1
3607,56,23,38,20
3606,24,15,153,25
3605,65,2,13,10
3604,9,2,25,35
3603,0,31,4,8
3602,0,0,4,1
3601,8,0,0,7
3600,19,12,17,5
3599,10,0,2,1
3598,19,91,0,109
3597,5,17,66,22
3596,1,0,24,12
3595,21,4,64,20
3594,0,0,4,1
3593,0,0,4,1
3592,0,0,4,1
3591,0,0,4,1
3590,3,0,41,1
3589,104,0,12,40
3588,12,0,149,160
3587,31,24,15,4
3586,2,8,33,10
3585,45,65,15,17
3584,11,154,12,22
3583,0,0,72,7
3582,1,1,18,19
3581,50,6,44,94
3580,23,0,167,189
3579,37,38,44,86
3578,28,0,159,186
3577,11,11,158,179
3576,22,17,27,65
3575,6,17,25,35
3574,0,0,90,89
3573,0,0,45,44
3572,2,0,73,74
3571,124,11,10,143
3570,0,12,4,11
3569,4,12,122,101
3568,0,0,60,59
3567,0,0,192,1
3566,0,0,126,83
3565,8,2,23,12
3564,0,0,69,66
3563,35,31,31,61
3562,8,18,55,56
3561,1,0,14,14
3560,22,19,56,26
3559,19,65,22,89
3558,47,32,41,31
3557,12,73,1,30
3556,26,8,63,8
3555,10,11,20,21
3554,32,12,109,105
3553,2,6,58,32
3552,9,8,8,4
3551,2,58,6,8
3550,30,25,97,113
3549,9,0,70,1
3548,56,53,59,167
3547,20,61,76,78
3546,24,59,80,80
3545,8,0,64,71
3544,12,36,120,75
3543,2,0,41,12
3542,0,20,16,7
3541,3,104,2,66
3540,3,87,1,64
3539,10,123,10,121
3537,0,0,4,1
3536,7,0,69,75
3535,17,71,64,117
3534,0,100,0,99
3533,32,0,36,32
3532,2,3,4,8
3531,0,0,4,3
3530,35,4,65,11
3529,31,32,27,4
3528,16,12,4,4
3527,45,29,56,7
3526,3,90,1,56
3525,0,21,95,84
3524,7,5,37,35
3523,10,10,134,153
3522,11,67,27,67
3521,74,65,53,17
3520,7,82,19,66
3519,23,54,31,54
3518,23,53,30,53
3517,4,166,21,190
3516,10,8,92,109
3515,30,22,140,52
3514,49,5,90,23
3513,53,25,33,11
3512,23,51,28,51
3511,14,0,89,1
3510,12,0,83,1
3509,47,57,88,191
3508,0,0,96,95
3507,43,43,77,162
3506,22,20,69,84
3505,16,11,9,35
3504,0,50,106,105
3503,1,2,14,4
3502,3,8,16,8
3501,6,1,23,12
3500,4,94,94,12
3499,0,0,47,22
3498,15,19,158,180
3497,4,2,21,16
3496,0,2,190,9
3495,0,0,49,8
3494,16,6,87,4
3493,54,69,69,4
3492,3,25,5,7
3491,6,29,73,51
3490,5,15,71,15
3489,12,21,67,6
3488,52,3,38,38
3487,103,12,10,118
3486,13,106,5,100
3485,16,2,13,30
3484,0,0,78,77
3483,12,1,86,1
3482,12,1,94,1
3481,56,1,0,11
3480,16,22,0,14
3479,1,64,1,13
3478,59,0,0,11
3477,26,94,60,33
3476,0,4,188,1
3475,169,1,22,1
3474,24,48,48,25
3473,56,40,96,12
3472,0,0,47,46
3471,104,0,0,103
3470,0,0,17,16
3469,7,0,1,1
3468,23,19,147,188
3467,12,12,168,91
3466,0,0,4,1
3465,39,8,6,37
3464,55,0,0,54
3463,121,0,0,120
3462,7,0,75,74
3461,0,67,0,66
3460,0,0,22,21
3459,17,9,13,37
3458,8,4,24,8
3457,18,154,20,27
3456,22,16,32,69
3455,31,2,95,3
3454,39,44,67,148
3453,71,79,0,148
3452,28,46,66,139
3451,23,20,19,6
3450,7,4,32,31
3449,2,2,3,2
3448,62,8,42,111
3447,48,48,48,22
3446,75,0,51,15
3445,51,33,108,16
3444,16,17,74,106
3443,4,4,5,2
3442,17,0,66,12
3441,1,0,191,7
3440,22,12,132,44
3439,7,12,89,11
3438,8,12,123,8
3437,0,16,3,3
3436,17,20,155,17
3435,0,79,83,15
3434,24,0,168,24
3433,1,0,112,63
3432,8,9,175,26
3431,4,1,42,11
3430,4,0,140,111
3429,16,16,74,16
3428,7,0,8,14
3427,28,16,47,29
3426,6,6,42,11
3425,3,2,63,1
3424,16,38,37,6
3423,10,8,16,33
3422,23,0,169,1
3421,2,58,21,8
3420,4,14,38,10
3419,21,23,78,7
3418,9,2,2,12
3417,1,51,56,31
3416,12,88,80,91
3415,4,8,20,31
3414,4,16,7,4
3413,4,1,24,4
3412,4,1,22,6
3411,15,18,72,1
3410,9,1,0,2
3409,9,9,28,45
3408,6,104,8,1
3407,56,33,73,30
3406,6,1,1,2
3405,3,0,1,3
3404,9,1,43,2
3403,39,35,91,90
3402,0,18,0,17
3401,0,0,29,12
3400,10,0,0,8
3399,1,7,0,6
3398,6,33,3,1
3397,7,47,3,1
3396,7,2,69,3
3395,4,31,18,18
3394,18,19,78,49
3393,2,5,55,31
3392,7,2,78,8
3391,2,9,45,10
3390,0,1,10,1
3389,11,10,23,10
3388,8,12,22,3
3387,3,7,36,39
3386,0,0,12,1
3385,16,0,0,14
3384,1,5,28,7
3383,1,5,17,14
3382,18,11,56,1
3381,2,5,50,56
3380,170,0,22,187
3379,53,0,0,9
3378,191,0,1,14
3377,0,5,187,53
3376,63,0,0,1
3375,8,10,76,1
3374,0,11,17,1
3373,0,2,30,3
3372,1,19,172,109
3371,12,20,32,1
3370,6,59,7,26
3369,0,0,4,1
3368,7,1,104,24
3367,165,22,5,188
3366,13,8,57,77
3365,1,2,30,12
3364,12,12,17,5
3363,4,8,30,8
3362,0,8,0,7
3361,13,13,10,5
3360,0,0,16,1
3359,0,0,4,1
3358,0,23,133,24
3357,0,18,46,2
3356,7,7,73,36
3355,39,0,9,5
3354,46,0,0,2
3353,20,27,0,1
3352,0,0,8,7
3351,0,56,0,4
3350,38,0,0,1
3349,19,1,0,9
3348,0,24,0,1
3347,7,29,30,29
3346,1,43,12,55
3345,10,0,30,30
3344,8,14,4,8
3343,4,4,37,1
3342,13,13,23,1
3341,1,8,35,9
3340,10,10,43,10
3339,12,12,168,191
3338,7,7,9,22
3337,3,8,19,29
3336,8,7,76,1
3335,1,19,6,24
3334,20,6,70,19
3333,0,0,36,3
3332,0,0,18,6
3331,7,4,25,7
3330,31,48,17,1
3329,10,0,81,14
3328,7,9,176,10
3327,6,11,70,86
3326,12,0,20,31
3325,3,2,104,108
3324,8,0,8,15
3323,3,4,23,29
3322,81,76,35,16
3321,0,0,4,1
3320,1,3,21,1
3319,14,9,43,1
3318,1,25,166,1
3317,4,10,44,30
3316,12,19,161,24
3315,4,0,36,31
3314,26,32,134,1
3313,33,16,143,14
3312,0,0,192,1
3311,4,5,27,17
3310,7,3,42,14
3309,0,0,96,8
3308,4,0,36,4
3307,0,0,41,1
3306,0,0,2,1
3305,16,20,16,51
3304,0,2,20,2
3303,66,12,0,77
3302,7,7,34,5
3301,5,24,20,20
3300,5,24,24,24
3299,0,71,0,70
3298,0,1,58,58
3297,15,50,10,49
3296,12,0,122,101
3295,2,2,16,2
3294,2,2,55,3
3293,4,16,37,16
3292,48,0,0,7
3291,48,0,0,11
3290,48,0,0,11
3289,48,0,0,15
3288,192,0,0,191
3287,0,72,0,1
3286,4,16,36,20
3285,1,30,62,24
3284,16,12,72,24
3283,35,22,49,15
3282,4,18,82,8
3281,125,0,1,125
3280,21,9,83,7
3279,1,0,3,3
3278,30,27,27,83
3277,5,39,28,3
3276,77,21,27,77
3275,6,17,4,8
3274,3,24,83,28
3273,12,3,20,8
3272,4,60,0,16
3271,1,111,0,111
3270,0,125,0,88
3269,6,1,88,31
3268,6,0,58,20
3267,14,14,5,4
3266,14,14,5,4
3265,52,5,57,113
3264,13,14,16,15
3263,66,55,59,36
3262,13,17,15,13
3261,53,5,63,120
3260,61,16,16,68
3259,9,45,3,3
3258,53,5,63,115
3257,0,0,4,3
3256,12,4,0,4
3255,13,13,22,13
3254,17,64,11,56
3253,21,51,71,1
3252,16,144,16,55
3251,4,3,0,1
3250,8,7,0,1
3249,90,0,102,191
3248,20,55,39,11
3247,0,77,112,37
3246,1,0,73,1
3245,21,24,21,31
3244,0,46,15,40
3243,16,91,25,91
3242,44,13,3,5
3241,17,24,12,52
3240,20,53,37,15
3239,16,2,32,32
3238,0,95,95,29
3237,0,0,57,56
3236,0,0,64,63
3235,10,63,12,1
3234,16,6,38,43
3233,14,7,155,7
3232,7,4,5,15
3231,9,8,9,19
3230,18,18,13,34
3229,1,4,45,8
3228,14,34,12,8
3227,56,43,48,1
3226,5,14,8,13
3225,50,10,132,74
3224,0,0,4,1
3223,10,15,65,89
3222,9,39,4,1
3221,29,24,19,17
3220,63,64,65,28
3219,6,10,29,10
3218,36,15,18,36
3217,81,23,21,81
3216,13,12,83,94
3215,17,18,71,1
3214,0,96,46,95
3213,83,18,18,83
3212,7,0,162,168
3211,0,0,126,1
3210,94,11,0,23
3209,22,0,88,23
3208,63,69,60,6
3207,8,7,37,8
3206,9,0,25,10
3205,4,51,10,4
3204,32,108,4,143
3203,3,2,13,3
3202,0,5,10,5
3201,6,3,12,11
3200,55,9,10,1
3199,63,58,71,41
3198,12,24,145,180
3197,1,0,4,4
3196,0,69,0,28
3195,16,4,24,16
3194,0,20,30,44
3193,22,20,41,82
3192,8,15,88,15
3191,39,1,60,55
3190,12,8,10,29
3189,74,5,13,8
3188,3,6,25,5
3187,5,5,24,5
3186,2,2,16,4
3185,8,6,9,1
3184,7,5,4,15
3183,1,10,66,1
3182,5,15,33,8
3181,25,10,72,44
3180,8,16,12,35
3179,48,9,68,25
3178,77,0,115,167
3177,5,7,50,9
3176,28,8,28,31
3175,4,13,72,13
3174,1,0,4,3
3173,0,0,4,1
3172,4,10,33,46
3171,40,2,59,17
3170,2,10,66,1
3169,23,0,29,23
3168,19,1,171,19
3167,8,10,43,20
3166,5,4,16,5
3165,7,15,80,20
3164,45,20,32,73
3163,1,12,90,77
3162,8,21,46,58
3161,0,11,73,49
3160,16,68,31,51
3159,8,13,57,1
3158,0,1,3,2
3157,8,22,38,24
3156,6,6,39,5
3155,9,16,72,76
3154,5,6,4,3
3153,0,17,45,1
3152,86,0,2,4
3151,1,7,40,8
3150,13,6,21,1
3149,3,9,24,9
3148,3,6,62,34
3147,6,20,40,65
3146,8,15,59,16
3145,12,5,28,44
3144,6,6,54,65
3143,5,80,107,8
3142,5,2,24,1
3141,9,3,69,51
3140,7,4,27,5
3139,4,21,86,103
3138,0,133,23,132
3137,26,24,26,2
3136,5,0,60,5
3135,28,4,1,32
3134,1,6,17,2
3133,9,16,6,30
3132,58,10,35,4
3131,0,33,0,3
3130,5,22,20,1
3129,22,23,97,6
3128,0,1,88,88
3127,4,0,85,88
3126,16,4,38,2
3125,4,0,91,94
3124,15,42,12,14
3123,13,51,13,15
3122,0,40,40,40
3121,25,14,56,94
3120,17,8,74,18
3119,40,2,24,21
3118,71,20,1,21
3117,12,0,46,1
3116,13,12,140,133
3115,16,16,31,30
3114,1,6,28,19
3113,5,5,5,9
3112,16,3,3,3
3111,11,2,10,4
3110,16,0,68,83
3109,4,0,90,18
3108,8,0,76,13
3107,6,23,92,18
3106,1,1,7,2
3105,0,0,4,1
3104,7,18,14,5
3103,8,8,86,13
3102,76,19,0,19
3101,14,8,86,13
3100,8,16,64,16
3099,66,11,1,66
3098,16,2,17,5
3097,58,7,0,58
3096,0,1,9,2
3095,7,8,177,5
3094,7,7,35,1
3093,2,5,82,88
3092,2,3,59,11
3091,6,4,61,6
3090,24,13,70,10
3089,74,11,0,74
3088,18,11,72,19
3087,17,3,72,91
3086,3,14,80,96
3085,0,0,30,15
3084,16,20,16,4
3083,8,4,12,12
3082,4,4,17,4
3081,6,6,4,2
3080,26,20,78,32
3079,18,18,37,13
3078,1,1,7,2
3077,7,12,42,5
3076,28,24,140,54
3075,51,7,1,1
3074,4,9,19,4
3073,2,2,13,4
3072,4,43,9,1
3071,128,17,19,4
3070,4,3,12,1
3069,20,9,24,52
3068,19,10,11,5
3067,21,47,124,21
3066,4,1,27,5
3065,3,6,34,1
3064,0,3,7,3
3063,3,1,13,1
3062,8,2,9,9
3061,22,14,6,13
3060,4,2,15,1
3059,19,32,70,8
3058,34,33,41,6
3057,12,0,76,13
3056,37,2,2,20
3055,8,4,32,1
3054,68,0,52,16
3053,13,0,49,61
3052,11,7,90,107
3051,3,20,31,3
3050,9,6,66,3
3049,0,10,153,23
3048,44,16,36,44
3047,73,18,13,43
3046,19,8,156,2
3045,19,24,23,18
3044,7,10,54,15
3043,4,0,30,33
3042,16,19,9,23
3041,6,0,94,67
3040,77,26,67,64
3039,18,4,2,21
3038,7,21,53,32
3037,0,11,66,44
3036,2,12,35,14
3035,0,0,4,1
3034,13,0,28,1
3033,15,3,4,1
3032,1,1,11,4
3031,0,11,124,11
3030,3,16,68,12
3029,25,21,26,24
3028,0,2,21,22
3027,0,3,8,3
3026,10,1,11,1
3025,8,9,57,1
3024,39,28,40,5
3023,32,16,144,191
3022,6,12,94,3
3021,50,1,63,14
3020,3,3,10,2
3019,9,39,2,1
3018,2,20,0,21
3017,21,2,90,1
3016,17,37,57,1
3015,2,2,53,3
3014,56,8,0,28
3013,4,71,1,54
3012,20,0,48,20
3011,5,11,126,36
3010,3,8,154,66
3009,0,0,52,51
3008,44,12,95,44
3007,53,8,0,1
3006,13,23,32,36
3005,2,0,43,12
3004,36,12,95,36
3003,50,14,9,31
3002,1,75,2,75
3001,9,0,78,17
3000,11,43,53,11
2999,6,41,97,47
2998,4,10,38,14
2997,8,52,44,44
2996,36,0,66,65
2995,12,0,12,23
2994,6,56,12,1
2993,0,0,55,16
2992,4,13,57,1
2991,8,27,42,4
2990,33,31,37,1
2989,0,0,30,1
2988,77,0,0,19
2987,21,1,49,70
2986,4,2,35,40
2985,9,5,95,90
2984,40,1,59,61
2983,34,1,50,84
2982,14,0,85,39
2981,0,2,10,3
2980,34,5,11,2
2979,5,0,64,4
2978,5,1,59,10
2977,18,1,41,59
2976,13,49,1,13
2975,19,7,0,4
2974,9,2,83,37
2973,1,74,4,48
2972,45,3,64,30
2971,4,15,44,15
2970,77,38,77,76
2969,5,5,71,5
2968,14,1,40,54
2967,15,1,40,55
2966,32,130,15,30
2965,6,20,134,30
2964,45,50,45,139
2963,17,39,121,30
2962,7,2,76,8
2961,14,8,22,4
2960,18,6,40,17
2959,6,0,35,14
2958,1,6,72,7
2957,5,5,55,32
2956,2,3,63,4
2955,38,29,40,1
2954,14,1,93,11
2953,10,10,59,14
2952,5,4,62,1
2951,0,9,37,9
2950,39,34,53,2
2949,9,0,72,80
2948,5,5,104,37
2947,17,14,17,47
2946,37,24,45,1
2945,44,40,14,43
2944,0,48,28,48
2943,35,5,53,40
2942,14,14,3,15
2941,1,77,0,41
2940,0,27,12,12
2939,9,3,54,5
2938,41,0,41,81
2937,10,21,90,118
2936,21,0,51,1
2935,3,2,35,6
2934,0,15,38,1
2933,61,5,15,13
2932,4,0,74,77
2931,14,0,58,71
2930,0,49,3,48
2929,2,2,13,2
2928,5,93,0,32
2927,74,24,24,58
2926,6,10,55,26
2925,22,6,45,72
2924,1,0,52,8
2923,5,8,53,28
2922,1,50,44,23
2921,1,4,21,2
2920,13,0,93,13
2919,14,8,38,22
2918,4,41,22,41
2917,72,24,24,71
2916,0,0,80,79
2915,54,6,65,21
2914,0,0,79,78
2913,0,0,33,4
2912,2,4,17,5
2911,0,25,30,15
2910,0,0,2,1
2909,8,7,75,8
2908,24,20,64,47
2907,0,2,22,4
2906,21,57,18,23
2905,13,13,2,27
2904,21,60,70,150
2903,9,14,5,27
2902,18,19,66,36
2901,18,69,57,30
2900,55,7,0,53
2899,6,6,78,1
2898,45,0,16,8
2897,6,17,12,8
2896,72,0,18,89
2895,17,12,6,5
2894,16,16,160,191
2893,14,14,84,51
2892,92,4,39,43
2891,14,11,10,1
2890,1,8,16,1
2889,16,13,6,1
2888,0,37,44,19
2887,0,12,0,11
2886,2,77,10,88
2885,2,5,27,33
2884,0,0,2,1
2883,0,26,49,3
2882,17,4,15,19
2881,0,0,7,1
2880,2,0,2,1
2879,60,58,62,57
2878,0,36,42,20
2877,3,15,67,6
2876,7,22,33,19
2875,0,25,46,24
2874,13,32,36,12
2873,85,13,0,83
2872,13,10,18,22
2871,20,20,4,43
2870,4,1,8,4
2869,8,13,83,103
2868,6,12,53,3
2867,2,5,8,2
2866,1,22,10,31
2865,12,65,12,88
2864,4,4,4,11
2863,12,0,28,27
2862,54,36,23,47
2861,5,35,10,49
2860,0,23,33,23
2859,7,3,36,2
2858,6,8,12,1
2857,7,7,26,3
2856,0,21,24,20
2855,36,36,72,143
2854,21,44,39,68
2853,32,26,134,36
2852,57,29,7,36
2851,28,4,41,72
2850,10,2,45,39
2849,9,3,51,39
2848,0,42,20,42
2847,4,0,48,3
2846,3,2,2,2
2845,2,6,34,1
2844,1,0,6,6
2843,5,0,4,3
2842,4,0,80,28
2841,22,12,55,13
2840,0,0,82,66
2839,32,4,28,36
2838,7,2,13,21
2837,1,0,23,2
2836,21,0,36,20
2835,5,0,64,63
2834,16,0,80,82
2833,5,0,64,63
2832,8,52,1,27
2831,8,10,91,1
2830,12,5,12,20
2829,8,8,24,2
2828,4,8,32,1
2827,6,8,41,1
2826,3,14,4,6
2825,8,5,103,15
2824,64,0,34,63
2823,16,20,72,72
2821,22,9,7,15
2820,26,9,57,35
2819,14,26,14,36
2818,3,5,32,6
2817,12,32,6,49
2816,16,5,30,8
2815,5,6,44,7
2814,1,6,40,11
2813,25,16,15,16
2812,1,6,58,11
2811,43,14,43,13
2810,87,0,13,13
2809,4,3,32,1
2808,8,2,37,46
2807,3,0,2,1
2806,67,37,22,37
2805,42,41,83,165
2804,32,0,49,16
2803,8,0,67,74
2802,32,0,62,1
2801,39,40,23,20
2800,16,15,7,37
2799,0,5,32,31
2798,13,1,0,13
2797,1,8,0,8
2796,3,4,1,7
2795,2,1,6,8
2794,5,2,0,2
2793,8,94,3,104
2792,8,0,1,8
2791,22,8,22,2
2790,4,20,61,24
2789,8,5,55,67
2788,6,22,10,37
2787,4,11,11,25
2786,0,8,0,7
2785,1,1,19,20
